category_cc	join_date	channel	name_cc	subscribers_cc	videos_cc	subscriber_rank_sb	weights
Gaming	2010-04-29	UC-lHJZR3Gqxm24_Vd_AJ5Yw	PewDiePie	101000000	3956	3.0	2.0869999999999997
Education	2006-09-01	UCbCmjCuTUZos6Inko4u57UQ	Cocomelon - Nursery ...	60100000	458	7.0	2.0869999999999997
Entertainment	2006-09-20	UCpEhnqL0y41EpW2TvWAHD7Q	SET India	56018869	32661	8.0	2.0869999999999997
Howto & Style	2016-11-15	UC295-Dw_tDNtZXFeAPAW6Aw	5-Minute Crafts	60600000	3591	9.0	2.0869999999999997
Sports	2007-05-11	UCJ5v_MCY6GNUBTO8-D3XoAg	WWE	48400000	43421	11.0	2.0869999999999997
Entertainment	2007-01-15	UCIwFjwMjI0y7PDBVEO9-bkQ	Justin Bieber	46574085	134	12.0	2.0869999999999997
Music	2014-03-12	UCFFbwnve3yF62-tVXkTyHqg	Zee Music Company	43451109	4241	13.0	2.0869999999999997
Sports	2009-03-17	UCRijo3ddMTht_IHyNSNXpNQ	Dude Perfect	45800000	213	14.0	2.0869999999999997
Entertainment	2015-05-12	UCk8GzjMOrta8yxDcKfylJYw	✿ Kids Diana Show	34700000	599	16.0	2.0869999999999997
Music	2006-08-08	UC0C-w0YjGpqDXGB8IHb662A	Ed Sheeran	42000000	154	17.0	2.0869999999999997
Gaming	2015-04-06	UCEdvpU2pFRCVqU6yIPyTpMQ	Marshmello	39100000	366	18.0	2.0869999999999997
Music	2007-02-09	UCfM3zsQsOnfWNUppiycmBuw	EminemMusic	39000000	117	20.0	2.0869999999999997
Music	2007-01-22	UC9CoOnJkIBMdeijd9qYoT_g	Ariana Grande	38090343	133	23.0	2.0869999999999997
Music	2006-09-20	UCqECaJ8Gagnn7YCbPEzWH6g	Taylor Swift	35800000	172	26.0	2.0869999999999997
Entertainment	2006-11-21	UCp0hYYBW6IMayGgR-WeoCvQ	TheEllenShow	34400000	10692	28.0	2.0869999999999997
Entertainment	2008-06-01	UCYvmuw-JtVrTZQ-7Y4kd63Q	Katy Perry	35028528	101	30.0	2.0869999999999997
Entertainment	2005-11-06	UCcgqSM4YEo5vVQpqwN-MaNw	Rihanna	32869647	77	33.0	2.0869999999999997
Entertainment	2018-04-23	UCvlE5gTbOvjiolFlEm-c_Ow	Vlad and Nikita	26600000	158	34.0	2.0869999999999997
Film and Animation	2006-04-28	UC3gNmTGu-TTbFPpfSs5kNkg	Movieclips	29500000	33894	35.0	2.0869999999999997
Howto & Style	2017-03-15	UC4rlAVgAK0SGk-yTfe48Qpw	BRIGHT SIDE	29800000	2872	36.0	2.0869999999999997
Music	2012-08-25	UCJrOtniJ0-NWz37R30urifQ	Alan Walker	29588818	198	39.0	2.0869999999999997
Film and Animation	2012-01-21	UCyoXW-Dse7fURq30EWl_CUA	Goldmines Telefilms	27487629	483	40.0	2.0869999999999997
Education	2013-02-09	UCBnZ16ahKA2DZ_T5W0FPUXg	ChuChu TV Nursery Rh...	26600000	317	44.0	2.0869999999999997
Music	2014-10-29	UC22nIfOTM7KLIQuFGMKzQbg	Wave Music	27900000	18295	45.0	2.0869999999999997
Music	2009-09-02	UC56gTxNs4f9xZ7Pa2i5xNzg	Sony Music India	27500000	2468	46.0	2.0869999999999997
Music	2010-12-03	UCb2HGwORFBo94DmRx4oLzow	One Direction	29939074	157	47.0	2.0869999999999997
Entertainment	2012-02-20	UCX6OQ3DkcsbYNE6H8uQQuVA	MrBeast	24300000	709	54.0	2.0869999999999997
Education	2011-12-14	UCcdwLMPsaU2ezNSJU1nFoBQ	Pinkfong! Kids' Song...	23200000	1382	55.0	2.0869999999999997
Music	2012-11-22	UCOsyDsO5tIt-VZ1iwjdQmew	Speed Records	25502155	7451	59.0	2.0869999999999997
Music	2012-09-23	UCa10nxShhzNrCE1o2ZOPztg	Trap Nation	27300000	1779	60.0	2.0869999999999997
Music	2009-09-02	UC3MLnJtqc_phABBriLRhtgQ	SonyMusicIndiaVEVO	24800000	3013	63.0	2.0869999999999997
Music	2011-05-16	UC9TO_oo4c_LrOiKNaY6aysA	Daddy Yankee	24630113	347	64.0	2.0869999999999997
Entertainment	2007-08-04	UC6-F5tO8uklgE9Zy8IvbdFw	SAB TV	23700000	25390	65.0	2.0869999999999997
Music	2009-05-12	UCANLZYMidaCbLQFWXBC95Jg	TaylorSwiftVEVO	27200000	102	69.0	2.0869999999999997
Music	2009-05-12	UC2xskkQVFEpLcGFnNSLQY0A	RihannaVEVO	26095809	106	76.0	2.0869999999999997
Music	2009-05-12	UC20vb-R_px4CguHzzBPhoyQ	EminemVEVO	26000000	84	77.0	2.0869999999999997
Music	2013-02-06	UCiGm_E4ZwYSHV3bcW1pnSeQ	Billie Eilish	20735006	22	78.0	2.0869999999999997
Music	2009-12-13	UC-8Q-hLdECwQmaWNwXitYDw	KatyPerryVEVO	26000000	132	79.0	2.0869999999999997
Entertainment	2014-05-13	UCKqx9r4mrFglauNBJc1L_eg	[토이푸딩] ToyPu...	25600000	2851	80.0	2.0869999999999997
Education	2013-10-25	UCRx3mKNUdl8QE06nEug7p6Q	Billion Surprise Toy...	24700000	150	83.0	2.0869999999999997
Comedy	2005-11-19	UCY30JRSgfhYXA6i6xX1erWg	Smosh	24800000	1074	85.0	2.0869999999999997
Gaming	2012-05-26	UC7_YxT-KID8kRbqZo7MyscQ	Markiplier	24400000	4484	86.0	2.0869999999999997
Gaming	2011-09-15	UCKqH_9mk1waLgBiL2vT5b9g	VanossGaming	24800000	1079	87.0	2.0869999999999997
Music	2011-08-14	UC_aEa8K-EOJ3D6gOs7HcyNg	NoCopyrightSounds	23500000	666	88.0	2.0869999999999997
Music	2011-01-19	UCAvCL8hyXjSUHKEGuUPr1BA	Shawn Mendes	23479003	87	89.0	2.0869999999999997
Entertainment	2008-07-16	UCstEtN0pgOmCf02EdXsGChw	ABS-CBN Entertainmen...	21708527	128728	90.0	2.0869999999999997
Education	2011-06-22	UCKAqou7V9FAWXpZd9xtOg3Q	Little Baby Bum - Nu...	19900000	958	93.0	2.0869999999999997
Music	2015-06-23	UCM9r1xn6s30OnlJWb-jc3Sw	XXXTENTACION	21900000	76	94.0	2.0869999999999997
Entertainment	2015-03-17	UChGJGhZ9SOOHvBB0Y4DOO_w	Ryan ToysReview	21600000	1512	95.0	2.0869999999999997
Comedy	2006-01-08	UC8-Th83bH_thdKZDJCrn88g	The Tonight Show Sta...	22100000	5450	96.0	2.0869999999999997
Music	2011-02-18	UCt-k6JwNWHMXDBGm9IYHdsg	J Balvin	22275879	40	97.0	2.0869999999999997
Music	2014-08-05	UC4NALVCmcmL5ntpV0thoH6w	LooLoo Kids - Nurser...	18500000	415	98.0	2.0869999999999997
Gaming	2007-02-24	UCYzPXprvl5Y-Sf0g4vX-m6g	jacksepticeye	22833014	4255	99.0	2.0869999999999997
Comedy	2005-09-22	UCV9_KinVpV-snHe3C3n1hvA	shane	22300000	1690	100.0	2.0869999999999997
Entertainment	2005-12-11	UCppHT7SZKKvar4Oc9J4oljQ	Zee TV	35300000	81392	101.0	2.0869999999999997
Music	2006-03-13	UCq-Fj5jknLsUf-MWSy4_brA	T-Series	112139463	13839	102.0	2.0869999999999997
Gaming	2011-11-11	UCAW-NpUFkMyCNrvRSSGIvDQ	Ninja	22400000	929	104.0	2.0869999999999997
Music	2010-12-04	UCbW18JZRgko_mOGm5er8Yzg	OneDirectionVEVO	22900000	171	105.0	2.0869999999999997
Music	2008-11-08	UC-yXuc1__OzjwpsJPlxYUCQ	WORLDSTARHIPHOP	22000000	4380	106.0	2.0869999999999997
Entertainment	2008-06-13	UC55IWqFLDH1Xp7iu1_xknRA	Colors TV	20200000	32696	107.0	2.0869999999999997
Education	2008-08-26	UCsPF3cApzCohxPp5oKdoWSQ	CVS 3D Rhymes	21600000	326	108.0	2.0869999999999997
Gaming	2012-07-14	UCS5Oz6CHmeoF7vSad0qqXfw	DanTDM	22100000	3211	109.0	2.0869999999999997
Entertainment		UCBR8-60-B28hp2BmDPdntcQ	YouTube	28200000	301	110.0	2.0869999999999997
Music	2010-06-11	UCP6uH_XlsxrXwZQ4DlqbqPg	Shemaroo Filmi Gaane...	27700000	6277	111.0	2.0869999999999997
Entertainment	2006-11-21	UCJ0uqCI0Vqr2Rrt1HseGirg	The Late Late Show w...	20600000	3613	112.0	2.0869999999999997
Entertainment	2007-02-27	UCX52tYZiEh_mHoFja3Veciw	Eros Now	20100000	10086	113.0	2.0869999999999997
Entertainment	2007-01-25	UCaWd5_7JhbQBe4dknZhsHJg	WatchMojo.com	21284359	17081	114.0	2.0869999999999997
Music	2006-03-09	UCBVjMGOIkavEAhyqpxJ73Dw	Maroon 5	27100000	154	115.0	2.0869999999999997
Music	2007-07-12	UCpDJl2EmP7Oh90Vylx0dZtA	Spinnin' Records	25968404	9106	116.0	2.0869999999999997
Entertainment	2006-07-21	UCSAUGyc_xA8uYzaIVG6MESQ	nigahiga	21400000	390	117.0	2.0869999999999997
Music	2006-10-24	UC4rasfm9J-X4jNl9SvXp8xA	Ultra Music	19600000	3839	118.0	2.0869999999999997
Music	2006-03-18	UCEf_Bc-KVd7onSeifS3py9g	SMTOWN	19800000	3842	119.0	2.0869999999999997
Music	2009-12-11	UC1l7wYrva1qCH-wgqcHaaRg	David Guetta	20800000	520	120.0	2.0869999999999997
Entertainment	2009-07-25	UCVtFOytbRpEvzLjvqGG5gxQ	KSI	20400000	1195	123.0	2.0869999999999997
Music	2009-08-03	UCT9zcQNlyht7fRlcjmflRSA	ImagineDragons	19627716	51	124.0	2.0869999999999997
Music	2011-09-26	UCcvNYxWXR_5TjVK7cSCdW-g	T-Series Apna Punjab...	18800000	4322	125.0	2.0869999999999997
Entertainment	2007-09-01	UCF1JIbMUs6uqoZEY1Haw0GQ	Shemaroo	18700000	6766	126.0	2.0869999999999997
Music	2008-04-04	UCsRM0YB_dabtEPGPTKo-gcw	Adele	20289957	13	127.0	2.0869999999999997
Film and Animation	2006-06-07	UCbTLwN10NoCU4WDzLf1JMOA	YRF	23400000	3709	128.0	2.0869999999999997
Entertainment	2009-10-21	UCmL1WlDI8UkXDXCXcBQN9CA	Ultra Bollywood	18200000	10320	130.0	2.0869999999999997
Music	2011-02-13	UCaayLD9i5x4MmIoVZxXSv_g	T-Series Bhakti Saga...	22200000	20381	131.0	2.0869999999999997
Education	2006-09-08	UCLsooMJoIpl_7ux2jvdPB-Q	Super Simple Songs -...	17400000	470	133.0	2.0869999999999997
Music	2008-05-09	UCVp3nfGRxmMadNDuVbJSk8A	Wiz Khalifa	19200000	473	134.0	2.0869999999999997
Entertainment	2015-08-29	UCG8rbF3g2AMX70yOd8vqIZg	Logan Paul Vlogs	19800000	645	136.0	2.0869999999999997
Music	2013-08-28	UC3jOd7GUMhpgJRBhiLzuLsg	Nicki Minaj	19727756	19	137.0	2.0869999999999997
Music	2012-09-22	UCq3Ci-h945sbEYXpVlw7rJg	The Chainsmokers	19500000	182	138.0	2.0869999999999997
Comedy	2010-02-16	UC9gFih9rw0zNCK3ZtoKQQyA	JennaMarbles	19900000	466	139.0	2.0869999999999997
Nonprofits & Activism	2009-06-23	UCsT0YIqwnpJCM-mx7-gSA4Q	TEDx Talks	20700000	141627	140.0	2.0869999999999997
Entertainment	2007-06-04	UC0v-tlzsn0QZwJnkiaUSJVQ	FBE	19600000	2080	143.0	2.0869999999999997
People & Blogs	2013-09-19	UCcgVECVN4OKV6DH1jLkqmcA	Jake Paul	19600000	824	144.0	2.0869999999999997
Education	2014-06-06	UC1ciY6kR3yj3kaKZ6R7ewAg	Infobells - Hindi	16600000	274	145.0	2.0869999999999997
Music	2009-06-05	UCByOQJjav0CUDwxCk-jVNRQ	Drake	19036382	48	146.0	2.0869999999999997
Music	2015-08-24	UCtW7qWjpCZ8zps-Cf2NF26w	Gaane Sune Ansune	17337898	2266	147.0	2.0869999999999997
Music	2005-09-22	UCWi_65E_L8tQZ34C6wVAlpQ	Venus	16800000	4204	148.0	2.0869999999999997
Entertainment	2015-02-06	UCw8ZhLPdQ0u_Y-TLKd61hGA	1MILLION Dance Studi...	17791046	1669	149.0	2.0869999999999997
Music	2009-09-02	UCGnjeahCJW1AF34HBmQTJ-Q	shakiraVEVO	19200000	144	153.0	2.0869999999999997
Entertainment	2011-01-19	UCwD4x63A9KC7Si2RuSfg-SA	Lucas and Marcus	17100000	498	156.0	2.0869999999999997
Music	2007-04-12	UC-6czyMkxDi8E8akPl0c7_w	Enrique Iglesias	18183321	359	157.0	2.0869999999999997
People & Blogs	2011-08-10	UCpko_-a4wgz2u_DgDgd9fqA	BuzzFeedVideo	19400000	6334	158.0	2.0869999999999997
Entertainment	2011-01-31	UCweOkPb1wVVH0Q0Tlj4a5Pw	1theK (원더케이)...	17600000	16172	159.0	2.0869999999999997
Entertainment	2006-03-24	UCEKWXRsfUHkan-D_ljU8Asw	Rajshri	16029978	5569	160.0	2.0869999999999997
Entertainment	2011-08-09	UC7TTtOQKMXTWWMtWQMIgVSA	Collins Key	19400000	239	161.0	2.0869999999999997
Music	2005-11-07	UCuHzBCaKmtaLcRAOoazhCPA	Beyoncé	19397453	224	162.0	2.0869999999999997
Music	2006-12-20	UCcYrdFJF7hmPXRNaWdrko4w	ChrisBrownTV	17500000	18	163.0	2.0869999999999997
Comedy	2006-01-04	UCkAGrHCLFmlK3H2kd6isipg	Mr Bean	15700000	1644	164.0	2.0869999999999997
Music	2006-04-14	UC2pmfLm7iq6Ov1UwYrWYkZA	Vevo	18800000	1577	165.0	2.0869999999999997
Entertainment	2012-10-24	UC_vcKmg67vjMP7ciLnSxSHQ	Amit Bhadana	16600000	62	166.0	2.0869999999999997
Music	2010-10-21	UC0VOyT2OCBKdQhF3BAbZ-1g	ArianaGrandeVevo	18712584	110	167.0	2.0869999999999997
Music	2014-06-09	UCmBA_wu8xGg1OfOkfW13Q0Q	Bad Bunny	19500000	33	168.0	2.0869999999999997
Entertainment	2016-03-17	UCgFXm4TI8htWmCyJ6cVPG_A	Toys and Colors	15500000	314	169.0	2.0869999999999997
Music	2016-10-22	UClZF7OsrECe3t_ADrjZEh_Q	Geet MP3	14900000	230	170.0	2.0869999999999997
Music	2010-04-06	UC_TVqp_SyG6j5hG-xVRy95A	Skrillex	18969722	168	171.0	2.0869999999999997
Music	2009-05-12	UCLp8RBhQHu9wSsq62j_Md6A	LuisFonsiVEVO	18100000	68	173.0	2.0869999999999997
Comedy	2013-09-02	UCxSz6JVYmzVhtkraHWZC7HQ	Liza Koshy	17200000	156	174.0	2.0869999999999997
Music	2011-09-10	UCmv1CLT6ZcFdTJMHxaR9XeA	PTXofficial	17100000	201	176.0	2.0869999999999997
Music	2010-05-20	UCgwv23FVv3lqh567yagXfNg	DisneyMusicVEVO	15600000	949	177.0	2.0869999999999997
Howto & Style	2018-01-18	UC2etEuPIfohP4P53wM0KImA	5-Minute Crafts GIRL...	16400000	1817	178.0	2.0869999999999997
Music	2008-09-24	UC_x8HoD18XJkILQBreVENUQ	DJ Snake	16400000	143	180.0	2.0869999999999997
Music	2011-02-25	UC0WP5P-ufpRfjbNrmOWwLBQ	The Weeknd	16114576	66	183.0	2.0869999999999997
Music	2007-02-11	UCIjYyZxkFucP_W-tmXg_9Ow	Calvin Harris	16832933	70	184.0	2.0869999999999997
People & Blogs	2016-01-10	UCWwWOFsW68TqXE-HZLC3WIA	The ACE Family	17600000	460	185.0	2.0869999999999997
Music	2009-10-28	UCPHjpfnnGklkRBBTd0k6aHg	Avicii	16600000	121	186.0	2.0869999999999997
Gaming	2012-04-17	UCpGdL9Sn3Q5YWUH2DVUW1Ug	PopularMMOs	16900000	4521	187.0	2.0869999999999997
Music	2011-12-15	UCeLHszkByNZtPKcaVXOCOQQ	Post Malone	15000000	30	188.0	2.0869999999999997
Entertainment	2015-12-01	UCucot-Zp428OwkyRm2I7v2Q	James Charles	16100000	234	190.0	2.0869999999999997
Music	2015-10-15	UC6pjHMC4QXMi4llCCjtDXWg	Lil pump	16100000	42	193.0	2.0869999999999997
Entertainment	2013-01-20	UCpB959t8iPrxQWj7G6n0ctQ	SSSniperWolf	17000000	2101	194.0	2.0869999999999997
Music	2007-11-19	UCN9HPn2fq-NL8M5_kp4RWZQ	Sia	15888088	62	195.0	2.0869999999999997
Gaming	2006-09-13	UCYVinkwSX7szARULgYpvhLw	Ali-A	16500000	3263	196.0	2.0869999999999997
News & Politics	2006-08-26	UCttspZesZIDEwwpVIgoZtWQ	IndiaTV	15177282	139814	199.0	2.0869999999999997
Entertainment	2015-06-20	UCqwUrj10mAEsqezcItqvwEw	BB Ki Vines	14962577	148	205.0	2.0869999999999997
Science & Technology	2010-12-21	UCsTcErHg8oDvUnTzoqsYeNw	Unbox Therapy	15300000	1672	206.0	2.0869999999999997
Film and Animation	2015-09-12	UCCrw5RBWF9i8VPt4IxL8IsQ	Goldmines	14400000	363	206.0	2.0869999999999997
News & Politics	2012-06-01	UCRWFSbif-RFENbBrSiez1DA	ABP NEWS	16274836	129027	207.0	2.0869999999999997
Music	2009-09-09	UCwppdrjsBPAZg5_cUwQjfMQ	Charlie Puth	15500000	83	208.0	2.0869999999999997
Music	2010-01-03	UCDPM_n1atn2ijUwHd0NNRQw	Coldplay	15021215	208	209.0	2.0869999999999997
Entertainment	2008-09-17	UC4PooiX37Pld1T8J5SYT-SQ	Good Mythical Mornin...	15700000	2307	210.0	2.0869999999999997
People & Blogs	2006-12-06	UCAuUUnT6oDeKwE6v1NGQxug	TED	14800000	3105	211.0	2.0869999999999997
Entertainment	2006-09-20	UCa6vGFO9ty8v5KZJXQxdhaw	Jimmy Kimmel Live	15200000	4207	212.0	2.0869999999999997
Gaming	2014-05-27	UC0DZmkupLYwc0yDsfocLh0A	Jelly	14206967	3651	213.0	2.0869999999999997
Entertainment	2008-01-30	UCZkURf9tDolFOeuw_4RD7XQ	Demi Lovato	15500000	189	215.0	2.0869999999999997
Comedy	2009-07-06	UC7eHZXheF8nVOfwB2PEslMw	ashish chanchlani vi...	14200000	130	218.0	2.0869999999999997
Music	2009-10-15	UComP_epzeKzvBX156r6pm1Q	AdeleVEVO	15903420	31	219.0	2.0869999999999997
Comedy	2015-09-19	UCi9cDo6239RAzPpBZO9y5SA	Lele Pons	15100000	119	220.0	2.0869999999999997
Howto & Style	2016-01-22	UCJFp8uSYCjXOMnkUyb3CQ3Q	Tasty	16000000	3318	221.0	2.0869999999999997
Howto & Style	2006-02-14	UCkvK_5omS-42Ovgah8KRKtg	jeffreestar	16000000	357	222.0	2.0869999999999997
Entertainment	2012-12-11	UC_W0_Nv-3rxpWVvosddhrPw	Doggy Doggy Cartoons...	15002312	1929	223.0	2.0869999999999997
Pets & Animals	2014-09-08	UC6E2mP01ZLH_kbAyeazCNdg	Brave Wilderness	14800000	547	225.0	2.0869999999999997
Entertainment	2016-01-14	UCCI5Xsd_gCbZb9eTeOf9FdQ	Like Nastya	14300000	237	226.0	2.0869999999999997
Music	2011-09-06	UCgtNC51EUSgcZ6kKyVoPxKA	Becky G	14232985	56	227.0	2.0869999999999997
Music	2006-11-28	UCZU9T1ceaOgwfLRq7OKFU4Q	Linkin Park	14760154	492	229.0	2.0869999999999997
Music	2009-05-12	UCN1hnUccO4FD5WfM7ithXaw	Maroon5VEVO	15300000	114	233.0	2.0869999999999997
Gaming	2013-01-31	UCD1Em4q90ZUK2R5HKesszJg	Clash of Clans	14600000	343	234.0	2.0869999999999997
Science & Technology	2007-07-30	UC6nSFpj9HTCZ5t-N3Rm3-HA	Vsauce	14700000	370	236.0	2.0869999999999997
People & Blogs	2008-05-15	UCNL1ZadSjHpjm4q9j2sVtOA	Lady Gaga	14495273	163	238.0	2.0869999999999997
Music	2009-11-24	UCjK8ORC71kwyj1DWFwril_A	SelenaGomezVEVO	15304988	127	239.0	2.0869999999999997
Science & Technology	2015-10-19	UCOhHO2ICt0ti9KAh-QHvttQ	Technical Guruji	13979890	2539	240.0	2.0869999999999997
People & Blogs	2013-08-12	UC-SV8-bUJfXjrRMnp7F8Wzw	Roman Atwood Vlogs	15300000	1637	241.0	2.0869999999999997
Howto & Style	2017-10-30	UC57XAjJ04TY8gNxOWf-Sy0Q	5-Minute Crafts KIDS...	15300000	2043	242.0	2.0869999999999997
Entertainment	2012-10-06	UCHwBjRoGO1V-H8QYXjSVHkQ	Toys And Little Gaby...	13600000	275	244.0	2.0869999999999997
Comedy	2010-10-29	UCfm4y4rHF5HGrSr-qbvOwOg	IISuperwomanII	14900000	779	245.0	2.0869999999999997
Entertainment	2012-07-26	UCjtLOfx1yt1NlnFIDyAX3Ug	W2S	14500000	648	248.0	2.0869999999999997
Music	2016-08-08	UCzI7wZyqk7jpXWT_MILjepw	Paulo Londra	13900000	39	249.0	2.0869999999999997
Entertainment	2006-07-18	UCMNmwqCtCSpftrbvR3KkHDA	Guava Juice	14300000	1380	250.0	2.0869999999999997
Entertainment	2006-02-08	UCMu5gPmKp5av0QCAajKTMhw	ERB	14593357	76	253.0	2.0869999999999997
Comedy	2011-07-05	UCPDis9pjXuqyI7RYLJ-TTSA	FailArmy	14600000	260	254.0	2.0869999999999997
Music	2005-10-07	UCyxbZF7_PK4nLiexj0kkCNg	Romeo Santos	13983190	14	256.0	2.0869999999999997
Entertainment	2006-06-29	UCT2X19JJaJGUN7mrYuImANQ	America's Got Talent...	13400000	2206	258.0	2.0869999999999997
Entertainment	2008-04-12	UCUtZaxDF3hD5VK4xRYFBePQ	Britain's Got Talent...	13900000	2539	260.0	2.0869999999999997
Entertainment	2015-03-28	UCfaZw8XH_zmAVkBst_MPD6w	CKN Toys	13300000	582	263.0	2.0869999999999997
Music	2011-08-22	UClkRzsdvg7_RKVhwDwiDZOA	JFlaMusic	13400000	235	264.0	2.0869999999999997
Comedy	2010-12-14	UCB0d0JLn1WcGYcwwZ87d2LA	Rclbeauty101	14400000	420	265.0	2.0869999999999997
People & Blogs	2017-11-06	UCQ7x25F6YXY9DvGeHFxLhRQ	shfa2 - شفا	7670000	256	266.0	2.0869999999999997
Film and Animation	2011-04-01	UCi8e0iOVk1fEOogdfu4YgfA	Movieclips Trailers	13900000	8084	267.0	2.0869999999999997
Film and Animation	2007-02-01	UCUAL--p3qAa27luR0IYbjZA	Pencilmation	12100000	535	268.0	2.0869999999999997
Entertainment	2012-07-12	UCilwZiBBfI9X6yiZRzWty8Q	FaZe Rug	13200000	1489	269.0	2.0869999999999997
Music	2012-04-02	UCRm96I5kmb_iGFofE5N691w	Bollywood Classics	12003831	1783	273.0	2.0869999999999997
Entertainment	2014-08-21	UC_hSjGOO67A6gIDUcyuv_8A	Infinite	12500000	851	274.0	2.0869999999999997
Howto & Style	2011-12-08	UCR4s1DE9J4DHzZYXMltSMAg	HowToBasic	13700000	499	277.0	2.0869999999999997
Howto & Style	2010-09-09	UCD9PZYV5heAevh9vrsYmt1g	Wengie	13915503	260	278.0	2.0869999999999997
People & Blogs	2014-12-19	UCmh5gdwCx6lN7gEC20leNVA	David Dobrik	13900000	601	280.0	2.0869999999999997
Entertainment	2010-03-15	UCpcsv3Ow-8IhoUGDEfPetsQ	Venus Movies	11946216	2619	283.0	2.0869999999999997
Film and Animation	2016-01-06	UCK5Q72Uyo73uRPk8PmM2A3w	Genevieve's Playhous...	11800000	485	285.0	2.0869999999999997
Entertainment	2014-01-20	UCdxi8d8qRsRyUi2ERYjYb-w	TheRichest	13500000	2355	286.0	2.0869999999999997
Education	2013-08-30	UC7Pq3Ko42YpkCB_Q4E981jw	Kids TV - Nursery Rh...	13700000	2490	287.0	2.0869999999999997
Comedy	2014-08-30	UCo8bcnLyZH8tBIH9V1mLgqQ	TheOdd1sOut	12700000	113	288.0	2.0869999999999997
Entertainment	2015-04-25	UChM5Ff2yVeIZ16EWiB081cg	Reaction Time	13800000	1543	289.0	2.0869999999999997
Gaming	2010-07-04	UCm3hAp1m1xlAz0ve_EKAo4g	Talking Tom	11200000	249	290.0	2.0869999999999997
People & Blogs	2012-02-13	UCBqFKDipsnzvJdt6UT0lMIg	Sandeep Maheshwari	12000000	240	296.0	2.0869999999999997
Comedy	2006-10-09	UCPDXXXJj9nax0fr0Wfc048g	CollegeHumor	13400000	3517	298.0	2.0869999999999997
Music	2007-09-02	UCgc00bfF_PvO_2AvqJZHXFg	Boyce Avenue	13100000	369	299.0	2.0869999999999997
Music	2011-11-02	UCqjjyPUghDSSKFBABM_CXMw	Anitta	12500000	54	300.0	2.0869999999999997
Entertainment	2005-06-16	UCvC4D8onUfXzvjTOM-dBfEA	Marvel Entertainment...	13200000	6332	302.0	2.0869999999999997
Entertainment	2009-09-15	UCn7dB9UMTBDjKtEKBy_XISw	Miley Cyrus	13173870	77	304.0	2.0869999999999997
Music	2012-10-12	UC65afEgL62PGFWXY7n6CUbA	Trap City	13145196	1814	305.0	2.0869999999999997
Entertainment	2015-03-04	UCfRNJiafEm1LBBGFTTq4cXw	GEN HALILINTAR	11800000	563	307.0	2.0869999999999997
Music	2009-09-02	UC9zX2xZIJ4cnwRsgBpHGvMg	BeyoncéVEVO	13466870	139	308.0	2.0869999999999997
Entertainment	2006-05-07	UCpVm7bg6pXKo1Pr6k5kxG9A	National Geographic	12300000	9260	310.0	2.0869999999999997
Howto & Style	2008-06-23	UCzTKskwIc_-a0cGvCXA848Q	NikkieTutorials	12269235	742	312.0	2.0869999999999997
Film and Animation	2013-10-09	UCAOtE1V7Ots4DjM8JLlrYgg	Peppa Pig - Official...	10000000	499	313.0	2.0869999999999997
Music	2011-01-15	UC5H_KXkPbEsGs0tFt8R35mA	Martin Garrix	12894056	125	314.0	2.0869999999999997
Music	2010-04-01	UCaum3Yzdl3TbBt8YUeUGZLQ	NickiMinajAtVEVO	13248988	64	316.0	2.0869999999999997
Music	2013-02-21	UCMtpmPs9end-dTNwVq16g4Q	Fifth Harmony	12900000	67	317.0	2.0869999999999997
Sports	2005-11-21	UCWJ2lWNubArHWmf3FIHbfcQ	NBA	11900000	31357	323.0	2.0869999999999997
Music	2006-07-05	UCv8nzwVPQDRjkPCkEsOdEwA	Pitbull	12612398	228	324.0	2.0869999999999997
Entertainment	2010-08-15	UCUK0HBIBWgM2c4vsPhkYY4w	The Slow Mo Guys	12900000	260	325.0	2.0869999999999997
Entertainment	2013-11-03	UCelMeixAOTs2OQAAi9wU8-g	CookieSwirlC	12200000	3182	327.0	2.0869999999999997
Music	2014-03-23	UCopY0NAzASqmD6eVaRj2TFQ	White Hill Music	10801005	3709	329.0	2.0869999999999997
Gaming	2006-09-19	UCKy1dAqELo0zrOtPkf0eTMw	IGN	12400000	134606	333.0	2.0869999999999997
Music	2015-08-11	UCio_FVgKVgqcHrRiXDpnqbw	Camila Cabello	11700000	29	335.0	2.0869999999999997
Entertainment	2006-01-16	UCoookXUzPciGrEZEXmh4Jjg	Sesame Street	9200000	2844	337.0	2.0869999999999997
Education	2016-07-15	UCpYye8D5fFMUPf9nSfgd4bA	BabyBus - Kids Songs...	7200000	1270	339.0	2.0869999999999997
News & Politics	2017-03-03	UCmphdqZNmqL72WJ2uyiNw5w	ABP NEWS HINDI	10800000	51298	340.0	2.0869999999999997
Music	2006-06-09	UClVrJwcIy7saPcGc1nct80A	Fueled By Ramen	12400000	1166	343.0	2.0869999999999997
Music	2012-03-15	UCbomPUMyPHCgrqD5iYnzj1A	Worldwide Records Bh...	10800000	2583	345.0	2.0869999999999997
Entertainment	2012-07-17	UCWOA1ZGywLbqmigxE4Qlvuw	Netflix	11100000	3166	346.0	2.0869999999999997
Music	2010-05-31	UCmdY1pHB-KbFYxOyhwjVeQw	MattyBRaps	12500000	248	348.0	2.0869999999999997
Music	2011-11-30	UCIvqWqjC4aLvp7zI8hzARrA	Little Mix	12488383	251	349.0	2.0869999999999997
Film and Animation	2013-01-24	UCK9F8nycURBsR0YlrBsu1Ag	Jingle Toons	10300000	191	350.0	2.0869999999999997
Music	2011-01-11	UC3zVeAaoPEN1Tu25dW3G2Ig	Sonotek	12500000	8112	351.0	2.0869999999999997
Entertainment	2016-07-24	UCGdPm5Aq081vVD7ih9jZf6Q	FactTechz	10800000	206	354.0	2.0869999999999997
Entertainment	2013-07-30	UCHEf6T_gVq4tlW5i91ESiWg	REACT	12000000	1758	357.0	2.0869999999999997
Entertainment	2007-10-16	UCplkk3J5wrEl0TNrthHjq4Q	Kurt Hugo Schneider	12300000	505	361.0	2.0869999999999997
Music	2013-01-01	UC56cowXhoqRWHeqfSJkIQaA	Bounce Patrol Kids	10036815	160	363.0	2.0869999999999997
Music	2009-10-15	UCaHNFIob5Ixv74f5on3lvIw	CalvinHarrisVEVO	12500000	127	365.0	2.0869999999999997
Music	2009-10-15	UCm1dsgJNnhaLkY3uAdqN4mA	ChrisBrownVEVO	12400000	213	366.0	2.0869999999999997
Gaming	2013-03-19	UCh7EqOZt7EvO2osuKbIlpGg	Lachlan	12100000	3264	368.0	2.0869999999999997
Music	2007-05-20	UCyC_4jvPzLiSkJkLIkA7B8g	Lindsey Stirling	12000000	125	369.0	2.0869999999999997
Gaming	2009-08-22	UCo_IB5145EVNcf8hw1Kku7w	The Game Theorists	12000000	515	370.0	2.0869999999999997
Gaming	2009-11-28	UCke6I9N4KfC968-yRcd5YRg	SSundee	12200000	2263	371.0	2.0869999999999997
Gaming	2007-05-24	UCClNRixXlagwAd--5MwJKCw	H2ODelirious	12100000	1915	374.0	2.0869999999999997
Education	2010-01-04	UC1zZE_kJ8rQHgLTVfobLi_g	The King of Random	11900000	999	376.0	2.0869999999999997
Entertainment	2005-12-16	UCn8zNIfYAQNdrFRrr8oibKw	VICE	11700000	2755	377.0	2.0869999999999997
Gaming	2013-05-24	UCC-RHF_77zQdKcA75hr5oTQ	FGTeeV	12100000	1276	378.0	2.0869999999999997
Entertainment	2013-03-25	UCtylTUUVIGY_i5afsQYeBZA	Lyrical Lemonade	11000000	341	380.0	2.0869999999999997
Entertainment	2010-04-09	UC5nc_ZtjKW1htCVZVRxlQAQ	MrSuicideSheep	11800000	2397	383.0	2.0869999999999997
Music	2012-10-22	UCRzzwLpLiUNIs6YOPe33eMg	ChainsmokersVEVO	12000000	162	384.0	2.0869999999999997
Music	2011-02-05	UC-J-KZfRV8c13fOCkhXdLiQ	Dua Lipa	11000000	86	385.0	2.0869999999999997
Entertainment	2016-03-03	UChLN0bJgq6d15OK2HVB4YTg	SIS vs BRO	11000000	315	386.0	2.0869999999999997
Music	2008-07-21	UCe3yZzUwpmy2eKKmF9svX0Q	Jason Derulo	11800000	253	387.0	2.0869999999999997
Music	2016-12-01	UCxMAbVFmxKUVGAll0WVGpFw	Cardi B	11400000	39	389.0	2.0869999999999997
Music	2005-11-18	UCr8RjWUQ_9KYcIPmWiqBroQ	Jennifer Lopez	11761672	121	390.0	2.0869999999999997
Entertainment	2012-09-14	UCvpDeGlR5wLP9Z3Tb6K0Xfg	SAM SMITH	11682768	12	393.0	2.0869999999999997
Entertainment	2007-01-06	UC5BMQOsAB8hKUyHu9KI6yig	KBS World TV	10800000	37513	395.0	2.0869999999999997
Entertainment	2008-04-02	UCfLuMSIDmeWRYpuCQL0OJ6A	Kwebbelkop	11482867	4145	396.0	2.0869999999999997
Entertainment	2013-01-31	UCe_Fx4EZAgKjDz0aQ_Y7hSA	Got Talent Global	10100000	1386	397.0	2.0869999999999997
Gaming	2011-02-28	UCKlhpmbHGxBE6uw9B_uLeqQ	Sky Does Everything	11600000	1947	400.0	2.0869999999999997
Howto & Style	2007-02-02	UCWRV5AVOlKJR1Flvgt310Cw	Zoella	11600000	377	401.0	2.0869999999999997
Entertainment	2016-09-05	UCJZ5gFXzSZ9i-R1HEnS8U_A	Stubborn Facts	7467728	231	404.0	2.0869999999999997
People & Blogs	2010-02-15	UCtinbF-Q-fVthA0qrFQTgXQ	CaseyNeistat	11500000	1015	405.0	2.0869999999999997
Howto & Style	2010-04-08	UCjwmbv6NE4mOh8Z8VhPUx1Q	Rosanna Pansino	11600000	710	406.0	2.0869999999999997
Gaming	2015-01-04	UCw1SQ6QRRtfAhrN_cjkrOgA	LazarBeam	11500000	1107	407.0	2.0869999999999997
Music	2013-01-04	UC_A7K2dXFsTMAciGmnNxy-Q	Saregama Music	10396434	3097	409.0	2.0869999999999997
Comedy	2016-10-20	UCt4atlExw8aj3Bm79nv1fig	Round2hell	9500000	55	410.0	2.0869999999999997
Entertainment	2014-09-17	UCu59yAFE8fM0sVNTipR4edw	Masha and The Bear	6320000	394	413.0	2.0869999999999997
Music	2009-05-12	UCnyB9MYKRkSFK3IIB32CoVw	DemiLovatoVEVO	11800000	165	414.0	2.0869999999999997
Howto & Style	2017-06-01	UC2WuPTt0k8yDJpfenggOAVQ	Blossom	11300000	266	415.0	2.0869999999999997
Entertainment	2011-04-13	UCqdGW_m8Rim4FeMM29keDEg	FunToys Collector Di...	11700000	2849	416.0	2.0869999999999997
Entertainment	2006-04-29	UCIEv3lZ_tNXHzL3ox-_uUGQ	Gordon Ramsay	11300000	782	419.0	2.0869999999999997
Entertainment	2006-01-25	UCNdqe5zJ6k-i7XKoYWA4Z2g	Wassabi	11500000	940	423.0	2.0869999999999997
Entertainment	2016-07-11	UC4JCksJF76g_MdzPVBJoC3Q	ARY Digital	9460000	20901	427.0	2.0869999999999997
Music	2008-05-01	UCNApqoVYJbYSrni4YsbXzyQ	Aditya Music	9849294	16136	428.0	2.0869999999999997
Gaming	2014-05-23	UC9lSZSYpDDE18hoFA7YlBpw	Tfue	11323052	580	429.0	2.0869999999999997
Music	2008-07-07	UCiMhD4jzUqG-IgPzUmmytRQ	Queen Official	10600000	789	430.0	2.0869999999999997
Music	2011-07-13	UCF_fDSgPpBQuh1MsUTgIARQ	TheWeekndVEVO	11000000	44	432.0	2.0869999999999997
Gaming	2009-02-09	UC2t5bjwHdUX4vM2g8TRDq5g	League of Legends	11000000	1004	433.0	2.0869999999999997
Sports	2011-04-09	UCKvn9VBLAiLiYL4FFJHri6g	F2Freestylers - Ulti...	10700000	629	434.0	2.0869999999999997
Entertainment	2011-09-01	UCczFdwWpVEpoqb-eMm4c4dQ	Matt Steffanina	11000000	304	436.0	2.0869999999999997
News & Politics	2015-03-23	UCx8Z14PpntdaxCt2hakbQLQ	The Lallantop	9120000	9423	438.0	2.0869999999999997
Entertainment	2012-09-25	UCDo9msNItILnyF_Y2eHaNQg	RiceGum	10800000	317	439.0	2.0869999999999997
Entertainment	2014-02-01	UCS3VJQpFmLbBd5qsWci9KPA	Nao FunFun	11500000	50	443.0	2.0869999999999997
Science & Technology	2012-05-18	UCe_vXdMrHHseZ_esYUskSBw	CrazyRussianHacker	11200000	1411	444.0	2.0869999999999997
Music	2011-11-29	UC1SqP7_RfOC9Jf9L_GRHANg	AviciiOfficialVEVO	11300000	141	445.0	2.0869999999999997
Entertainment	2015-04-05	UC6sSkkemzPjmrzS0Y0V_2zw	Tiana	11100000	694	446.0	2.0869999999999997
Entertainment	2009-08-01	UC56D-IHcUvLVFTX_8NpQMXg	MrBrent98	9760000	315	449.0	2.0869999999999997
Entertainment	2006-05-19	UC-LPIU24bQXVljUXivKEeRQ	StarPlus	10200000	8582	450.0	2.0869999999999997
Entertainment	2013-03-05	UCWr4vlkj5xXQ4bSXNeTT2AA	Baby Big Mouth	11200000	3969	453.0	2.0869999999999997
Entertainment	2015-05-08	UCzeB_0FNcPIyUSjL_TL5lEw	AzzyLand	10200000	1207	455.0	2.0869999999999997
Music	2009-05-12	UCdI8evszfZvyAl2UVCypkTA	MileyCyrusVEVO	10606926	67	457.0	2.0869999999999997
Entertainment	2007-04-29	UCV1JuyDF9Re3HyXFGeqnC7Q	JesseAndMike	10400000	445	458.0	2.0869999999999997
Gaming	2006-11-27	UCpqXJOEqGS-TCnazcHCo0rA	theRadBrad	10600000	6376	459.0	2.0869999999999997
Entertainment	2012-03-23	UCIeNlITYK46VkR7yIuTL8GQ	Volga Video	10125104	33387	460.0	2.0869999999999997
Entertainment	2014-06-10	UCBwSufNse8VMBvQM_rCSvgQ	Morgz	10600000	600	461.0	2.0869999999999997
People & Blogs	2012-08-24	UC4-CH0epzZpD_ARhxCx6LaQ	The LaBrant Fam	10200000	369	465.0	2.0869999999999997
Comedy	2009-11-10	UCgefQJC5UgbWJHDxBqB4qVg	Jesse	10500000	255	466.0	2.0869999999999997
Entertainment	2012-07-04	UC70Dib4MvFfT1tU6MqeyHpQ	Preston	10500000	3601	467.0	2.0869999999999997
People & Blogs	2008-06-04	UCkXgEcpoTE4tHsebYBouWpA	Meghan Trainor	10707485	13	470.0	2.0869999999999997
Comedy	2008-01-31	UC1OFDlfdRb6ma1ZGZd07gWA	Miranda Sings	10800000	821	473.0	2.0869999999999997
Howto & Style	2011-07-25	UCAoMPWcQKA_9Af5YhWdrZgw	MyLifeAsEva	10500000	268	474.0	2.0869999999999997
Howto & Style	2017-12-03	UC03RvJoIhm_fMwlUpm9ZvFw	Crafty Panda	9238019	140	475.0	2.0869999999999997
Education	2014-03-13	UCHvoq_rGmOKJKGId1nD1V4Q	infobells - Telugu	8779986	263	476.0	2.0869999999999997
Music	2007-01-29	UCt-am4x4ZyeohfgM85qFgdQ	elliegoulding	10458907	69	477.0	2.0869999999999997
Education	2013-07-09	UCsXVk37bltHxD1rDPwtNM8Q	Kurzgesagt – In a ...	9630035	105	478.0	2.0869999999999997
Entertainment	2015-06-17	UCo6DJdltbIub80bLiyJRv3w	MrGear	10000000	873	480.0	2.0869999999999997
Gaming	2010-07-20	UCshoKvlZGZ20rVgazZp5vnQ	CaptainSparklez	10600000	5016	483.0	2.0869999999999997
People & Blogs	2013-04-09	UCay_OLhWtf9iklq8zg_or0g	As/Is	10600000	3932	484.0	2.0869999999999997
Entertainment	2012-02-23	UCX_uPA_dGf7wXjuMEaSKLJA	Aditya Movies	8402736	3974	485.0	2.0869999999999997
Entertainment	2014-11-24	UC-0D1RlSzcvBoODCKSoLl2g	Emily Tube	10100000	652	487.0	2.0869999999999997
Music	2016-01-26	UC3PdiRW5dUA4V70ueeR1eHA	zayn	10165801	11	488.0	2.0869999999999997
Science & Technology	2005-06-22	UCE_M8A5yxnLfW0KghEeajjw	Apple	9970000	291	489.0	2.0869999999999997
Comedy	2014-03-10	UCITqR49EAUY8i1vZtXTwe-A	Dolan Twins	10400000	249	490.0	2.0869999999999997
Music	2009-05-12	UCmKdSrwf1e8coqAzUsrVHZw	SiaVEVO	10200000	105	491.0	2.0869999999999997
Entertainment	2011-03-21	UC1r4VtVE__5K6c_L_3Vlxxg	fouseyTUBE	10600000	168	494.0	2.0869999999999997
Entertainment	2015-02-01	UCeV2O_6QmFaaKBZHY3bJgsA	Its JoJo Siwa	10200000	500	495.0	2.0869999999999997
Entertainment	2012-08-24	UCd1fLoVFooPeWqCEYVUJZqg	Matt Stonie	9580000	343	496.0	2.0869999999999997
Education	2014-03-13	UCHcn4Ux-sO9nzNu7rDsoQLg	infobells - Tamil	7040000	275	497.0	2.0869999999999997
Howto & Style	2012-10-07	UC0YvTCy1I4_a-3pn47_5DBA	SaraBeautyCorner - D...	10400000	113	499.0	2.0869999999999997
Entertainment	2009-11-18	UCnOVVuoLJ_1YY8A0V802wHA	RomanAtwood	10638666	117	500.0	2.0869999999999997
Gaming	2011-05-12	UCBw-Dz6wHRkxiXKCLoWqDzA	BCC Trolling	10600000	3785	503.0	2.0869999999999997
Entertainment	2006-03-26	UCwaNuezahYT3BOjfXsne2mg	Chad Wild Clay	9170000	334	505.0	2.0869999999999997
Entertainment	2015-05-12	UCx790OVgpTC1UVBQIqu3gnQ	★ Kids Roma Show	8819687	460	507.0	2.0869999999999997
Entertainment	2015-12-14	UCNzsYU0aWwjERj-9Y9HUEng	Little Angel: Nurser...	6570000	902	509.0	2.0869999999999997
Science & Technology	2011-10-20	UCY1kMZp36IQSyNx_9h4mpCg	Mark Rober	8610000	74	510.0	2.0869999999999997
Entertainment	2010-10-14	UCDCNmuaOXOo25Yn4mbMHhhQ	Talking Tom and Frie...	9800000	308	511.0	2.0869999999999997
Gaming	2010-09-04	UC1ieoHqKW-yYgDhLHIcx28w	TheSyndicateProject	9900000	3325	512.0	2.0869999999999997
Entertainment	2011-07-01	UCiBigY9XM-HaOxUc269ympg	Green Gold	8750000	697	513.0	2.0869999999999997
Music	2006-12-15	UCe4LM_eKc9ywRmVuBm5pjQg	Atlantic Records	9950000	1103	516.0	2.0869999999999997
People & Blogs	2014-05-05	UCBUVGPsJzc1U8SECMgBaMFw	BuzzFeed Multiplayer...	9860000	1802	517.0	2.0869999999999997
Entertainment	2011-08-18	UCe56RtxwepRSyZ-b--SedOw	dangmattsmith	9160000	575	518.0	2.0869999999999997
Entertainment	2007-02-01	UCvrhwpnp2DHYQ1CbXby9ypQ	Vijay Television	9714653	21831	519.0	2.0869999999999997
People & Blogs	2011-12-01	UCrqsNpKuDQZreGaxBL_a5Jg	Deji	9840000	1704	520.0	2.0869999999999997
Entertainment	2011-08-07	UC1KPy3cAAj0i0RIFC_SzjMg	VitalyzdTv	10200000	315	528.0	2.0869999999999997
Entertainment	2015-04-30	UCVbPnm-qCjH-8Yl1-k4BQkA	Ya - Alisa	9680000	49	529.0	2.0869999999999997
Science & Technology	2008-03-21	UCBJycsmduvYEL83R_U4JriQ	Marques Brownlee	9400000	1148	530.0	2.0869999999999997
Music	2012-01-23	UCpx_k19S2vUutWUUM9qmXEg	ImagineDragonsVEVO	10300000	108	533.0	2.0869999999999997
People & Blogs	2016-09-09	UCr8EWTz_8ljPyE27CiSbsGw	The World Adventures...	9670000	335	534.0	2.0869999999999997
Music	2009-09-05	UCBQZwaNPFfJ1gZ1fLZpAEGw	twenty one pilots	9727097	112	535.0	2.0869999999999997
Film and Animation	2013-09-09	UCFeUyPY6W8qX8w2o6oSiRmw	Official Pink Panthe...	8510000	504	536.0	2.0869999999999997
Education	2006-05-20	UCX6b17PVsYBQ0ip5gyeme-Q	CrashCourse	9800000	1160	537.0	2.0869999999999997
Entertainment	2014-10-18	UCkK0XNKXOvFkH66AS6jrCCg	ToyScouter	9582992	325	541.0	2.0869999999999997
Entertainment	2009-07-21	UC-F6LZSWz34xKknY8NNCzgQ	PDK Films	9590000	134	542.0	2.0869999999999997
Entertainment	2013-04-24	UCwjoPtSoNLAoX2sLBaKLYng	Toys And Funny Kids ...	10200000	3655	543.0	2.0869999999999997
Film and Animation	2006-07-24	UCbKWv2x9t6u8yZoB3KcPtnw	Alan Becker	9030000	92	544.0	2.0869999999999997
Entertainment	2009-06-08	UCc6W7efUSkd9YYoxOnctlFg	Bethany Mota	10200000	483	545.0	2.0869999999999997
Entertainment	2016-11-23	UCJg19noZp7-BYIGvypu_cow	Voot Kids	6557755	1346	546.0	2.0869999999999997
Education	2013-12-06	UCR-foyF-C6VuAlwy3KZMkgA	Dr. Vivek Bindra: Mo...	9580000	407	547.0	2.0869999999999997
Comedy	2009-09-03	UCWXCrItCF6ZgXrdozUS-Idw	ExplosmEntertainment...	9980000	579	548.0	2.0869999999999997
News & Politics	2007-06-19	UCIvaYmXn910QMdemBG3v1pQ	Zee News	9280000	102648	549.0	2.0869999999999997
Music	2006-05-19	UCpmD3iT-8TQzRuygIiS9bAw	Conor Maynard	9510000	260	552.0	2.0869999999999997
Comedy	2006-12-01	UCazMm3tOCkYrIGE_17j0mVg	Bart Baker	10100000	288	553.0	2.0869999999999997
Science & Technology	2015-05-01	UCAL3JXZSzSm8AlZyD3nQdBA	Primitive Technology...	9797999	48	554.0	2.0869999999999997
Music	2013-03-04	UC09d82usokACH1z5YeKnfiA	FifthHarmonyVEVO	10139227	87	556.0	2.0869999999999997
Science & Technology	2008-11-25	UCXuqSBlHAE6Xw-yeJA0Tunw	Linus Tech Tips	9160000	4700	558.0	2.0869999999999997
Music	2006-12-20	UCE5yTn9ljzSnC_oMp9Jnckg	P!NK	9359053	10	561.0	2.0869999999999997
Music	2013-11-21	UCmS8VxPXxv4ToYpw0Yc2PQA	LetsGoMartin - Nurse...	8720000	250	567.0	2.0869999999999997
Entertainment	2008-04-27	UCdAt_KUKt0g9ZRQ7gwKaN3A	Ranz Kyle	9277283	263	568.0	2.0869999999999997
Music	2009-05-12	UCVWA4btXTFru9qM06FceSag	PitbullVEVO	9930000	195	570.0	2.0869999999999997
Education	2014-12-04	UC6zhI71atP7YLoZyIyCIGNw	Dave and Ava - Nurse...	7820000	439	573.0	2.0869999999999997
Science & Technology	2011-09-06	UCqsS8fU6yVxrJr5y_CoUn3w	HaerteTest	5890000	345	574.0	2.0869999999999997
Entertainment	2014-09-02	UCPcynnZcILjm0e2aaaTuCjw	Talking Angela	8470000	129	576.0	2.0869999999999997
Sports	2011-02-01	UCI4fHQkguBNW3SwTqmehzjw	DALLMYD	9010000	488	578.0	2.0869999999999997
Music	2005-10-08	UC_k8KFBzEf0uQ8LRFSAgSUA	Avril Lavigne	9509570	117	579.0	2.0869999999999997
Entertainment	2008-05-26	UCGt7X90Au6BV8rf49BiM6Dg	Ray	9770000	808	580.0	2.0869999999999997
Entertainment	2013-07-23	UCqFzWxSCi39LnW1JKFR3efg	Saturday Night Live	8750000	6873	584.0	2.0869999999999997
Entertainment	2011-09-29	UCoy3dQzEdq1y2zMnT4pdj3Q	SriBalajiMovies	8560660	19301	586.0	2.0869999999999997
Comedy	2007-01-14	UCpsSadsgX_Qk9i6i_bJoUwQ	Just For Laughs Gags...	9140000	4308	587.0	2.0869999999999997
Music	2009-08-17	UCQznUf1SjfDqx65hX3zRDiA	DrakeVEVO	9730000	38	588.0	2.0869999999999997
Entertainment	2011-09-04	UCDLmS9vkPcTz3cAc-c9QIzg	Tanner Fox	8980000	1125	589.0	2.0869999999999997
Music	2012-01-17	UC9YcTIQuhwgoOQqYMKYqW9A	Migos ATL	9311270	68	590.0	2.0869999999999997
Howto & Style	2012-10-19	UCTTJMptGhfJA67e40DlqbNw	Karina Garcia	9100000	358	592.0	2.0869999999999997
Music	2007-11-03	UC2YnEq5Fc5_zEO6bo0oNzCQ	melanie martinez	8472482	68	596.0	2.0869999999999997
Music	2011-08-26	UCzL6rJhkoXkIt0fCv9T9_uA	Pop Chartbusters	8360000	1990	597.0	2.0869999999999997
Comedy	2014-10-30	UCj22tfcQrWG7EMEKS0qLeEg	CarryMinati	8036396	160	598.0	2.0869999999999997
Comedy	2006-07-11	UCzH3iADRIq1IJlIXjfNgTpA	Rooster Teeth	9580000	8222	600.0	2.0869999999999997
Gaming	2005-12-16	UC-2Y8dQb0S6DtpxNgAKoJKA	PlayStation	8960000	11582	604.0	2.0869999999999997
Entertainment	2014-10-29	UCbaGn5VkOVlcRgIWAHcrJKA	Cut	9010000	1101	605.0	2.0869999999999997
Film and Animation	2007-03-05	UCHCph-_jLba_9atyCZJPLQQ	How It Should Have E...	9270000	355	608.0	2.0869999999999997
Music	2014-07-14	UCTNtRdBAiZtHP9w7JinzfUg	SonyMusicSouthVEVO	8090000	3746	610.0	2.0869999999999997
Entertainment	2010-01-11	UCi-5OZ2tYuwMLIcEyOsbdRA	Annoying Orange	8760000	1313	611.0	2.0869999999999997
People & Blogs	2009-10-26	UCGCPAOQDZa_TTTXDr5byjww	Joey Graceffa	9430000	1978	613.0	2.0869999999999997
Entertainment	2014-06-10	UCRNmk0RhyeoHOgcB5xxgqBw	NEXT9NEWS हर ख...	9010000	79428	614.0	2.0869999999999997
People & Blogs	2015-07-12	UCjmAh2qxmvWdH3xNPbg0IUQ	Jason Vlogs	8550000	328	615.0	2.0869999999999997
Music	2014-02-26	UCM9KEEuzacwVlkt9JfJad7g	Chill Nation	8960000	1191	617.0	2.0869999999999997
Film and Animation	2006-02-22	UCDsO-0Yo5zpJk575nKXgMVA	RocketJump	8880000	338	618.0	2.0869999999999997
Film and Animation	2012-09-27	UCUe6ZpY6TJ0no8jI4l2iLxw	Nick Jr.	8870000	2958	619.0	2.0869999999999997
Gaming	2011-07-29	UCj5i58mCkAREDqFWlhaQbOw	stampylonghead	9270000	3470	623.0	2.0869999999999997
Music	2009-05-12	UC07Kxew-cMIaykMOkzqHtBQ	LadyGagaVEVO	9290000	145	625.0	2.0869999999999997
Howto & Style	2012-09-03	UCuVHOs0H5hvAHGr8O4yIBNQ	Niki and Gabi	8990000	433	627.0	2.0869999999999997
Entertainment	2017-09-04	UCq8KR1lnewd5ZPx9_XKoubg	Johny FamilyShow	9250944	209	628.0	2.0869999999999997
Entertainment	2015-07-17	UCv5I8kinKQT_cBxhsscnlWQ	Toys Make Me Smile	8540000	90	633.0	2.0869999999999997
Education	2011-10-20	UCU_AsfgtKjwR4qaSwgsWn-w	infobells	6760000	339	635.0	2.0869999999999997
People & Blogs	2013-06-21	UCtZAaljDNIsIAIhwYYzvEiw	Eh Bee Family	8750000	747	636.0	2.0869999999999997
People & Blogs	2018-02-27	UC0Kgvj5t_c9EMWpEDWJuR1Q	DJ Khaled	8776788	13	637.0	2.0869999999999997
Sports	2006-09-23	UCblfuW_4rakIf2h6aqANefA	Red Bull	8850000	5708	640.0	2.0869999999999997
Entertainment	2011-10-03	UCvthuVsurPaVz2a7_4LepGg	Family Fun Pack	8490000	1554	645.0	2.0869999999999997
Music	2007-10-28	UC4pEp0mo54WhEBCTYvjVDJA	Jessie J	8850000	89	646.0	2.0869999999999997
Entertainment	2013-04-11	UCLysbxhOO_JPOPgcsPCMb8w	Niana Guerrero	7920000	157	647.0	2.0869999999999997
Music	2011-05-05	UCqk3CdGN_j8IR9z4uBbVPSg	Lana Del Rey	8702712	23	649.0	2.0869999999999997
Comedy	2006-06-14	UCUsN5ZwHx2kILm84-jPDeXw	Comedy Central	8540000	4818	650.0	2.0869999999999997
Entertainment	2011-12-22	UCl_P0sCqxOdQpMwuajdXkRg	Diana Roma Show	8545408	41	654.0	2.0869999999999997
Education	2012-05-28	UCC552Sd-3nyi_tk2BudLUzA	AsapSCIENCE	8800000	317	655.0	2.0869999999999997
Entertainment	2014-04-17	UCw5hxC9BldHV8cU8PgbNY9g	Kluna Tik	8520000	222	656.0	2.0869999999999997
Howto & Style	2006-12-16	UCe0TLA0EsQbE-MjuHXevj2A	ATHLEAN-X™	8520000	1049	657.0	2.0869999999999997
Howto & Style	2011-12-02	UCap97Ue8K_BpKlrvQRYd6JA	LaurDIY	9090000	652	658.0	2.0869999999999997
Entertainment	2011-07-01	UCsN8M73DMWa8SPp5o_0IAQQ	Tomorrowland	8470000	1285	659.0	2.0869999999999997
Entertainment	2006-11-15	UCp68_FLety0O-n9QU6phsgw	colinfurze	8460000	269	660.0	2.0869999999999997
Entertainment	2009-12-06	UC6gqv2Naj9JiowZgHfPstmg	HelloMaphie	8870000	474	663.0	2.0869999999999997
Howto & Style	2006-07-18	UCuYx81nzzz4OFQrhbKDzTng	Michelle Phan	8856703	250	664.0	2.0869999999999997
Entertainment	2013-05-03	UCMxtWuqP6Ktk1tsSZSstaug	Haryanvi Maina	8830000	1619	666.0	2.0869999999999997
Sports	2006-02-06	UC14UlmYlSNiQCBe9Eookf_A	FC Barcelona	7987048	8145	667.0	2.0869999999999997
Gaming	2008-08-24	UC2wKfjlioOCLP4xQMOWNcgg	Typical Gamer	8499078	2912	668.0	2.0869999999999997
People & Blogs	2009-10-09	UCqIqRzEge-Qvt4Iglx-uKdQ	Jen Smith	8950000	1881	675.0	2.0869999999999997
News & Politics	2009-08-08	UCj5RwDivLksanrNvkW0FB4w	GMA Public Affairs	6920000	20513	677.0	2.0869999999999997
People & Blogs	2017-01-15	UCZdGJgHbmqQcVZaJCkqDRwg	The Q	7620000	153	678.0	2.0869999999999997
Entertainment	2015-01-02	UCxJcrDUc8awRSLzLbnIiAmQ	And TV	7201369	20069	679.0	2.0869999999999997
Music	2006-12-25	UCBq5hp6DvwWam2XOXw6lYJA	Awakening Music	8150000	583	680.0	2.0869999999999997
Film and Animation	2012-12-11	UCYUQQgogVeQY8cMQamhHJcg	CinemaSins	8640000	768	685.0	2.0869999999999997
Entertainment	2013-01-28	UCXLw_h6bFfPOKbDJXDUjA-Q	Funny Stop Motion vi...	8776404	2437	686.0	2.0869999999999997
Music	2010-12-27	UCHcDpS0TXITVs0ZrBSIsEsA	Lokdhun Punjabi	7931602	1377	688.0	2.0869999999999997
People & Blogs	2011-11-09	UCbAwSkqJ1W_Eg7wr3cp5BUA	Safiya Nygaard	8350000	143	690.0	2.0869999999999997
People & Blogs	2013-09-22	UC_hoQDD6zKcIqpIYLsFbBeA	Mo Vlogs	8280000	1500	693.0	2.0869999999999997
Music	2013-05-03	UCHmk8iNJHvf5mGN6_pkPc7g	Emiway Bantai	7306412	100	697.0	2.0869999999999997
Entertainment	2016-06-13	UC78cxCAcp7JfQPgKxYdyGrg	emma chamberlain	8440000	202	698.0	2.0869999999999997
Comedy	2006-07-31	UCR-QYzXrZF8yFarK8wZbHog	Colleen Ballinger	8650000	968	700.0	2.0869999999999997
Music	2014-08-07	UCM1VesJtJ9vTXcMLLr_FfdQ	Coke Studio	7759491	376	703.0	2.0869999999999997
Music	2013-02-11	UCO9zJy7HWrIS3ojB4Lr7Yqw	Lil Wayne	8240000	116	704.0	2.0869999999999997
Science & Technology	2005-09-18	UCK8sQmJBp8GCxrOtXWBpyEA	Google	7890000	2271	705.0	2.0869999999999997
Entertainment	2014-05-24	UC64guZp8DXzqrIQ5OPedviw	HoomanTV	7880000	61	706.0	2.0869999999999997
Entertainment	2009-04-12	UC3ifTl5zKiCAhHIBQYcaTeg	Proximity	8460000	1417	711.0	2.0869999999999997
Entertainment	2015-05-19	UCiw97Iyd9CbAyr00D94v3tg	Yippee Toys	8090000	1846	712.0	2.0869999999999997
Music	2010-06-21	UCvhQPdeTHzIRneScV8MIocg	Clean Bandit	8240000	94	713.0	2.0869999999999997
Music	2013-07-15	UCaB_KyYOjfNHBm0f-TvBmiw	TrapMusicHDTV	7980000	637	714.0	2.0869999999999997
Music	2014-02-26	UCf3cbfAXgPFL6OywH7JwOzA	MeghanTrainorVEVO	8590000	60	715.0	2.0869999999999997
Music	2014-03-30	UCOCgB3xd-B-1qAm-hR9OLrA	Halsey	7360000	11	716.0	2.0869999999999997
Music	2009-07-02	UC-Eh1lR_tWVtv9AvxLybMtQ	Tyga	7537315	139	717.0	2.0869999999999997
News & Politics	2005-10-02	UCupvZG-5ko_eiXAupbDfxWw	CNN	7500000	146299	720.0	2.0869999999999997
Entertainment	2007-08-03	UCEY1ejsweY4DgMwOVJeEaBA	The X Factor UK	8050000	4460	721.0	2.0869999999999997
Howto & Style	2010-12-03	UCGwPbAQdGA3_88WBuGtg9tw	grav3yardgirl	8560000	1536	725.0	2.0869999999999997
Music	2006-05-14	UC-y8ci7xfsu4L3zkSuHae0A	Justin Timberlake	8260000	14	726.0	2.0869999999999997
Comedy	2008-03-10	UCN9wHzrHRdKVzCSeV-5RuzA	Shane Dawson TV	8475134	204	727.0	2.0869999999999997
Entertainment	2014-09-02	UCIohHXwCEKxWCLvAguJ-GjA	TRANS TV Official	6873568	35807	728.0	2.0869999999999997
Entertainment	2005-10-22	UCP-Ng5SXUEt0VE-TXqRdL6g	LEGO	7970000	20978	733.0	2.0869999999999997
Gaming	2008-02-17	UCWZmCMB7mmKWcXJSIPRhzZw	Miniminter	8210000	1659	734.0	2.0869999999999997
Music	2006-09-20	UCi4EDAgjULwwNBHOg1aaCig	OneRepublic	8086095	49	735.0	2.0869999999999997
Gaming	2012-10-09	UCKYb5XBe-5OSEgLijLSoDtw	UnspeakableGaming	7860000	2132	736.0	2.0869999999999997
Sports	2006-09-06	UCpcTrCXblq78GZrTUTLWeBw	FIFATV	8118460	8056	737.0	2.0869999999999997
People & Blogs	2017-06-06	UCC3OGYxHwV8pB5yLobw9KdA	Dobre Brothers	7680000	231	738.0	2.0869999999999997
Entertainment	2007-12-08	UC8gKWMFvVenlVjgysNojYQg	SuperMarioLogan	7980000	534	739.0	2.0869999999999997
Film and Animation	2015-03-31	UC9trsD1jCTXXtN3xIOIU8gg	WB Kids	6480000	921	740.0	2.0869999999999997
Howto & Style	2014-08-13	UCIOUkPJZtWThQBtkCRniSBw	Natalies Outlet	7980000	332	741.0	2.0869999999999997
Entertainment	2014-05-09	UCw7xjxzbMwgBSmbeYwqYRMg	Sony PAL	7140000	10756	743.0	2.0869999999999997
Howto & Style	2012-03-10	UCuN4A3GCUq5-0wJDSiJoxRQ	Anaysa	7220000	307	746.0	2.0869999999999997
Music	2015-04-01	UC_GqWT9zKoeu0Jkv4KFpn9g	Sonotek Haryanvi	8110000	2971	747.0	2.0869999999999997
Film and Animation	2014-05-12	UC3sznuotAs2ohg_U__Jzj_Q	The Film Theorists	7890000	202	749.0	2.0869999999999997
People & Blogs	2018-12-13	UC63mNFJR8EAb8wAIJwoCmTA	5-Minute Crafts FAMI...	6400000	788	754.0	2.0869999999999997
Entertainment	2005-10-08	UCadtap8RYMNy8w4K9lXhzpQ	Barbie	7470000	4632	755.0	2.0869999999999997
Film and Animation	2011-03-01	UCBOmfqgTZi7yDp4-3Lr_3lA	Shemaroo Movies	6770000	650	756.0	2.0869999999999997
Music	2009-09-02	UCulYu1HEIa7f70L2lYZWHOw	michaeljacksonVEVO	8332573	98	757.0	2.0869999999999997
People & Blogs	2007-06-29	UC0rzsIrAxF4kCsALP6J2EsA	Raditya Dika	7797770	991	761.0	2.0869999999999997
Sports	2009-03-11	UCqhnX4jA0A5paNd1v-zEysw	GoPro	7810000	2096	762.0	2.0869999999999997
Entertainment	2016-04-06	UCp4LfMtDfoa29kTlLnqQ5Mg	SAS-ASMR	7750000	764	763.0	2.0869999999999997
Education	2016-09-24	UCRZPl8_4FXHeFhawbrtxdOQ	ToyTocToc	8020000	498	764.0	2.0869999999999997
Entertainment	2011-11-20	UCfw8x3VR-ElcaWW2Tg_jgSA	Rebecca Zamolo	7610000	619	765.0	2.0869999999999997
Howto & Style	2016-12-16	UCH8NnRkxQg1zX7mHFRPq73g	So Yummy	7790000	272	766.0	2.0869999999999997
Gaming	2014-01-17	UClG8odDC8TS6Zpqk9CGVQiQ	Fortnite	7200000	322	774.0	2.0869999999999997
Entertainment	2008-04-18	UCSReacwdlGHHyTIyuROhVdQ	AlishaMarie	8200000	305	775.0	2.0869999999999997
Gaming	2012-01-13	UCd534c_ehOvrLVL2v7Nl61w	Muselk	8090000	1551	776.0	2.0869999999999997
Howto & Style	2008-08-30	UCKjJXmZxk1SiTUQUB28KHpw	TsMadaan	7758173	1576	777.0	2.0869999999999997
Entertainment	2006-10-17	UCjmJDM5pRKbUlVIzDYYWb6g	Warner Bros. Picture...	7660000	2397	779.0	2.0869999999999997
Gaming	2011-01-26	UCGmnsW623G1r-Chmo5RB4Yw	KSIOlajidebtHD	7412486	882	784.0	2.0869999999999997
Music	2014-03-13	UC9Gjog4enoDWRWTaYuamx1g	Jass Records	6990000	2855	785.0	2.0869999999999997
Howto & Style	2009-08-02	UCgoxyzvouZM-tCgsYzrYtyg	NishaMadhulika	7607621	1447	786.0	2.0869999999999997
Gaming	2016-03-10	UCOaMOXfe8EWH1GJyhqhXrAA	Denis	7870000	2028	787.0	2.0869999999999997
Music	2011-10-29	UCssD3_aDYhaG44mwP53CO0w	littlemixVEVO	8153861	148	795.0	2.0869999999999997
Pets & Animals	2006-10-30	UCC7tqA6lA2QRw4BdrAEKFxg	Maymo	6620000	330	797.0	2.0869999999999997
Sports	2006-03-04	UCvgfXK4nTYKudb0rFR6noLA	UFC - Ultimate Fight...	7570000	8258	798.0	2.0869999999999997
Howto & Style	2016-02-05	UC8-4DBG_s3OvpuNFdEYxnFA	Izabela Stress	7510000	697	805.0	2.0869999999999997
Entertainment	2015-04-24	UC1Ydgfp2x8oLYG66KZHXs1g	TheTalko	7480000	2422	807.0	2.0869999999999997
Comedy	2011-11-13	UCuouUWCLmpG4Dje3Ay0p1oQ	ThatcherJoe	8070000	301	808.0	2.0869999999999997
Gaming	2011-06-01	UCh715KhLM7vbOwozSXLWI_w	aLexBY11	7589559	3456	809.0	2.0869999999999997
Entertainment	2015-09-17	UCXZpQgX1897wYDLtvzmgyIA	Facts Verse	7680000	2203	810.0	2.0869999999999997
Comedy	2016-08-31	UChoTvF02Cv74FF72OaJtTMA	Liza Koshy Too	8020000	73	811.0	2.0869999999999997
Film and Animation	2009-11-09	UCR1c65UsjpaVgcLKa7eM1tg	Les' Copaque Product...	6561427	1094	812.0	2.0869999999999997
Howto & Style	2016-02-11	UCOs8VELPB5GC_eKibH9e-CQ	Tom Slime	7430000	664	813.0	2.0869999999999997
Film and Animation	2015-03-04	UCY7tB-mpvlQeWgaCCS1Cmwg	GoldminesAction	7086822	136	814.0	2.0869999999999997
Science & Technology	2016-08-24	UCatfiM69M9ZnNhOzy0jZ41A	Power Vision	6630000	963	815.0	2.0869999999999997
Entertainment	2007-09-19	UCvVuqRzGVqRlmZYlTf99M_w	Tyler Oakley	7430000	588	816.0	2.0869999999999997
Comedy	2012-08-18	UC4USoIAL9qcsx5nCZV_QRnA	iDubbbzTV	7720000	265	817.0	2.0869999999999997
Music	2011-02-09	UCoYfzC2zMlc9M-Odgaf6OSg	KendrickLamarVEVO	7370000	55	823.0	2.0869999999999997
Film and Animation	2015-02-07	UCzIdYMdAtTsWucGCZyZvN6w	Toys Unlimited	7770000	1306	824.0	2.0869999999999997
Entertainment	2008-06-11	UCWljxewHlJE3M7U_6_zFNyA	AwesomenessTV	7380000	6164	825.0	2.0869999999999997
Science & Technology	2009-01-27	UCj34AOIMl_k1fF7hcBkD_dw	EverythingApplePro	7630000	1639	826.0	2.0869999999999997
Music	2010-02-11	UCvu362oukLMN1miydXcLxGg	EllieGouldingVEVO	7930000	101	829.0	2.0869999999999997
People & Blogs	2013-11-12	UCEYLdM2bdhmw-TS3c0TjFNw	Patty Mayo	6940000	150	830.0	2.0869999999999997
Entertainment	2005-11-12	UCCj956IF62FbT7Gouszaj9w	BBC	7100000	20914	833.0	2.0869999999999997
Entertainment	2011-01-05	UCpdK1NLHxEUGXc1gq2NxkTw	The Voice	7640000	1217	835.0	2.0869999999999997
Music	2011-11-14	UCSDvKdIQOwTfcyOimSi9oYA	Future	7314311	26	839.0	2.0869999999999997
Howto & Style	2007-10-04	UCSpVHeDGr9UbREhRca0qwsA	Howcast	7550000	22368	843.0	2.0869999999999997
Film and Animation	2013-10-12	UCvUctuMp58UD_kQtcWcNCjw	Goldmines Premiere	6700000	134	847.0	2.0869999999999997
Music	2011-02-14	UCy2fvV-mH_4AcIgqnLg9uDw	T-Series Regional	6830000	15452	848.0	2.0869999999999997
Comedy	2011-03-22	UC67f2Qf7FYhtoUIF4Sf29cA	Bad Lip Reading	7550000	93	850.0	2.0869999999999997
People & Blogs	2015-06-26	UCWkYXtnAuu7VTLPwUcRSB6A	Kylie Jenner	6240000	118	856.0	2.0869999999999997
Entertainment	2014-03-18	UC3XTzVzaHQEd30rQbuvCtTQ	LastWeekTonight	7240000	286	857.0	2.0869999999999997
Comedy	2017-08-01	UCvgteBQjoaxE0bhFkpu8qAw	Make Joke Of	6780000	26	860.0	2.0869999999999997
Entertainment	2014-12-27	UCVyM1Zknz3u2hGLAN2NVtZg	CJ SO COOL	7460000	879	863.0	2.0869999999999997
Science & Technology	2006-04-04	UC6107grRI4m0o2-emgoDnAA	SmarterEveryDay	7270000	309	864.0	2.0869999999999997
Entertainment	2017-12-15	UCKuHFYu3smtrl2AwwMOXOlg	Will Smith	6670000	72	866.0	2.0869999999999997
Entertainment	2006-02-27	UCDfk8ogO6QGeJAYCY0QDzKw	Stephen Sharer	7230000	549	867.0	2.0869999999999997
Comedy	2013-08-12	UCbI2XhhZwo4NEyg3oNv2Tsw	Wolfie	7780000	344	869.0	2.0869999999999997
Howto & Style	2007-05-03	UCMDQxm7cUx3yXkfeHa5zJIQ	TeamYouTube [Help]	7460000	116	870.0	2.0869999999999997
Comedy	2008-06-23	UCi7GJNg51C3jgmYTUwqoUXA	Team Coco	7290000	7901	873.0	2.0869999999999997
Entertainment	2013-12-27	UC9iDw30SeRSm18kT98F5iAA	Rae Sremmurd	7540000	38	874.0	2.0869999999999997
Music	2006-11-28	UCXYRdIXDdeZIf816EWAr5zQ	Macklemore LLC	7370000	130	876.0	2.0869999999999997
Sports	2011-01-03	UCBvc7pmUp9wiZIFOXEp1sCg	DemolitionRanch	7160000	367	878.0	2.0869999999999997
Entertainment	2013-01-11	UCNKcMBYP_-18FLgk4BYGtfw	AWE me	7450000	394	879.0	2.0869999999999997
Music	2011-12-14	UCe52oeb7Xv_KaJsEzcKXJJg	MBCkpop	7180000	34792	883.0	2.0869999999999997
Film and Animation	2011-05-17	UCYauDsl-rswjQGpA0_-Z9Pw	Ultra Movie Parlour	7100000	1086	884.0	2.0869999999999997
Music	2011-10-19	UCyFZMEnm1il5Wv3a6tPscbA	Genius	6550000	2021	885.0	2.0869999999999997
Music	2017-01-31	UC7rVvFP90pl7tAtPsVIhfww	Bhad Bhabie	7050000	119	886.0	2.0869999999999997
Entertainment	2014-06-05	UCGCVyTWogzQ4D170BLy2Arw	Simply Nailogical	7370000	428	887.0	2.0869999999999997
News & Politics	2006-06-23	UCfwx98Wty7LhdlkxL5PZyLA	Barcroft TV	7110000	2375	888.0	2.0869999999999997
Howto & Style	2014-02-28	UCPD_bxCRGpmmeQcbe2kpPaA	First We Feast	7040000	479	889.0	2.0869999999999997
Music	2006-03-10	UC2kTZB_yeYgdAg4wP2tEryA	emimusic	7542831	805	890.0	2.0869999999999997
People & Blogs	2007-10-01	UCWcrr8Q9INGNp-PTCLTzc8Q	Troye Sivan	7080000	140	891.0	2.0869999999999997
Entertainment	2008-02-05	UCMkfcY0uNTa7hccthSooPnQ	Haschak Sisters	7040000	236	893.0	2.0869999999999997
Entertainment	2017-11-24	UCHia02_AKmqXtxsDxrYOxow	Kids smile TV	5841989	114	895.0	2.0869999999999997
Education	2009-02-03	UC6zPzUJo8hu-5TzUk8IEC2Q	Mother Goose Club Pl...	4740000	900	897.0	2.0869999999999997
Music	2011-07-02	UCJ6td3C9QlPO9O_J5dF4ZzA	Monstercat: Uncaged	7420000	1461	898.0	2.0869999999999997
Gaming	2011-07-07	UCJ2ZDzMRgSrxmwphstrm8Ww	Smosh Games	7470000	2362	899.0	2.0869999999999997
Music	2009-05-12	UCXJDX1KK6t121Z9FLhu5o2A	PinkVEVO	7480000	142	904.0	2.0869999999999997
Film and Animation	2014-02-17	UCGwu0nbY2wSkW8N-cghnLpA	Jaiden Animations	6730000	87	906.0	2.0869999999999997
Gaming	2015-11-16	UC_F8DoJf9MZogEOU51TpTbQ	Clash Royale	6970000	370	910.0	2.0869999999999997
Gaming	2010-05-31	UCNdpD9V0PIrH1glUJ6RG4-w	FaZe Clan	7150000	1597	911.0	2.0869999999999997
Entertainment	2015-11-24	UCAgx4HcQIYn9lM0rhtIuH9w	HZHtube Kids Fun	6570000	358	914.0	2.0869999999999997
Entertainment	2010-05-17	UCsn6cjffsvyOZCZxvGoJxGg	Corridor	6710000	181	915.0	2.0869999999999997
People & Blogs	2013-01-12	UCzQUP1qoWDoEbmsQxvdjxgQ	PowerfulJRE	6320000	2240	917.0	2.0869999999999997
Entertainment	2008-02-26	UCeMsqI6jU9WE2ctsrbxbywQ	Zee Bangla	6440000	63455	918.0	2.0869999999999997
News & Politics	2014-03-04	UCLXo7UDZvByw2ixzpQCufnA	Vox	6570000	1048	924.0	2.0869999999999997
Music	2005-10-30	UCgffc95YDBlkGrBAJUHUmXQ	Britney Spears	6890338	68	928.0	2.0869999999999997
Music	2008-10-02	UC5-gWZXAQqSGVfPHkA7NRiQ	Bebe Rexha	6930000	74	933.0	2.0869999999999997
Howto & Style	2016-12-02	UCLEKScK-KhlSC7Nq8UBAa6w	Homemade solutions	6890000	119	934.0	2.0869999999999997
Entertainment	2011-05-25	UCEeEQxm6qc_qaTE7qTV5aLQ	HUM TV	5929035	3526	936.0	2.0869999999999997
People & Blogs	2010-12-30	UCnrO0wqhKpMYUt_wSeaIasw	Bratayley	7310000	2598	940.0	2.0869999999999997
Entertainment	2015-06-13	UCQcf-d098cNGGl3bPGGjHBg	OLIE THE CUB	6820000	778	941.0	2.0869999999999997
Music	2013-10-28	UC3Pa0DVzVkqEN_CwsNMapqg	SamSmithWorldVEVO	6780000	77	942.0	2.0869999999999997
Entertainment	2017-04-26	UC977n5nXRn8MDuGQjwxkOLw	PC Bob and Mr Bean: ...	6730000	3377	943.0	2.0869999999999997
Gaming	2011-09-25	UC-kOXc3gBwksVfmndSEz7jg	I AM WILDCAT	7080000	1178	944.0	2.0869999999999997
Gaming	2012-01-16	UCvPW1W4WlpTgNezZzwIstLA	Daithi De Nogla	6811244	1263	945.0	2.0869999999999997
Music	2011-10-13	UCZ_OLiS7DkyCg89eV_qQMoQ	Bollywood Classics	6020000	1279	947.0	2.0869999999999997
Gaming	2008-07-09	UCH-_hzb2ILSCo9ftVSnrCIQ	YOGSCAST Lewis & Sim...	7230000	4820	948.0	2.0869999999999997
Entertainment	2011-11-10	UCAaUVu8vYss8zCaC0WuA9jA	Caspar	7290000	380	955.0	2.0869999999999997
Entertainment	2007-02-28	UCDRbNGFusqlXX4a5vwi9ouQ	Vat19	6720000	1397	956.0	2.0869999999999997
Howto & Style	2014-03-12	UCmRY4NSGK52lP_Lz11CjdYw	Vy Qwaint	5816395	229	957.0	2.0869999999999997
Music	2014-07-13	UCdfq8-581QVUtVsa8ChVnDQ	Wish 107.5	6710000	968	963.0	2.0869999999999997
Comedy	2011-08-10	UC9VX0KXNH20x9MCH3xGjisg	DOPE or NOPE	7000000	816	964.0	2.0869999999999997
Music	2009-09-02	UCx1f1u4XlFFr0YgqF3wB4lQ	JenniferLopezVEVO	7210000	100	965.0	2.0869999999999997
Music	2011-09-30	UC5jkXpfnBhlDjqh0ir5FsIQ	Rudy Mancuso	6690000	109	966.0	2.0869999999999997
Education	2017-05-27	UCZNr3-bxFbzfLzbiJ_rJ5zw	Koo Koo TV - Hindi	6097167	346	967.0	2.0869999999999997
Education	2013-08-10	UCYenDLnIHsoqQ6smwKXQ7Hg	#Mind Warehouse	6630000	433	968.0	2.0869999999999997
Music	2009-05-12	UCk78ZcA6kflEvBR0UrGDH0Q	LMFAOVEVO	6960289	28	969.0	2.0869999999999997
Music	2008-05-24	UCZH4EVUqljV-zkZEd0Ot7EQ	Madilyn Bailey	6660000	222	970.0	2.0869999999999997
Comedy	2015-05-06	UCVmEbEQUGXHVm-O9pqa3JWg	Harsh Beniwal	6670000	132	971.0	2.0869999999999997
Education	2014-01-27	UC5PYHgAzJ1wLEidB58SK6Xw	Blippi	5340000	160	973.0	2.0869999999999997
Entertainment	2015-05-27	UCMtFAi84ehTSYSE9XoHefig	The Late Show with S...	6680000	5688	974.0	2.0869999999999997
Comedy	2012-08-11	UCn1XB-jvmd9fXMzhiA6IR0w	Domics	6960000	183	975.0	2.0869999999999997
News & Politics	2012-10-09	UC9k-yiEpRHMNVOnOi_aQK8w	Inside Edition	6600000	18113	976.0	2.0869999999999997
Film and Animation	2015-10-10	UC2aBjYYDkwN5LLSB8957KZQ	Goldmines Housefull	6330000	133	977.0	2.0869999999999997
News & Politics	2006-08-07	UCBi2mrWuNuyYy4gbM6fU18Q	ABC News	6640000	48869	978.0	2.0869999999999997
Howto & Style	2014-02-12	UCfBpv6ahDMg7kEClQuMpzzw	Gabbie Hanna	6640000	330	979.0	2.0869999999999997
Music	2011-11-21	UCnSqxrSfo1sK4WZ7nBpYW1Q	Lahari Music | T-Ser...	6616180	5926	980.0	2.0869999999999997
Music	2014-01-27	UCGkSXL5saM8y3VvJD_PdMFQ	DJSnakeVEVO	6600000	32	981.0	2.0869999999999997
Entertainment	2010-09-29	UCYjk_zY-iYR8YNfJmuzd70A	Epic Meal Time	7130000	838	984.0	2.0869999999999997
Entertainment	2011-12-15	UC5Ti4_DVp7LW34PjEwB13Xg	Morphle TV	5970000	502	985.0	2.0869999999999997
Entertainment	2011-10-11	UCAon55hNT6ESbdQ5y1hRWTA	Ice Cream Rolls	4310309	428	986.0	2.0869999999999997
Entertainment	2009-01-24	UCBkNpeyvBO2TdPGVC_PsPUA	G-Eazy	6860000	210	989.0	2.0869999999999997
Music	2012-03-22	UCE5910LWuMTGWmIJ_WE3KvA	Katie Cutie Kids TV	6530000	82	992.0	2.0869999999999997
Film and Animation	2014-03-25	UC3ar28GS6o1p0m_wabfk2zw	Pen Movies	6530000	436	993.0	2.0869999999999997
Entertainment	2010-11-14	UC6QWhGQqf0YDYdRb0n6ojWw	Brooklyn and Bailey	6520000	394	994.0	2.0869999999999997
Entertainment	2016-02-26	UCBnxEdpoZwstJqC1yZpOjRA	Sun TV	5385293	5928	996.0	2.0869999999999997
Entertainment	2011-10-31	UCUPD0jQo-EP0B1Nf4uzeIMA	Mazhavil Manorama	6510000	36459	999.0	2.0869999999999997
Music	2009-09-02	UCC6XuDtfec7DxZdUa7ClFBQ	AvrilLavigneVEVO	7080000	85	1000.0	2.0869999999999997
Entertainment	2010-07-07	UC7Gf2tZ8coTX2ckTPgn62iQ	DisneyJuniorUK	6080000	2336	1003.0	2.0869999999999997
Comedy	2005-12-23	UCCHcEUksSVKsRDH86j77Ntg	thelonelyisland	6950000	125	1004.0	2.0869999999999997
Entertainment	2005-10-10	UC5M_h2S8Ldoc9M6f7B-_m6A	Nickelodeon	6475581	3502	1005.0	2.0869999999999997
Comedy	2013-09-26	UCkS8bfIrm38QCSQeOqRxR4A	Hannah Stocking	6650000	117	1006.0	2.0869999999999997
Gaming	2014-10-26	UCZyxY8Q7xgUCXfFViWkjrSw	Ceeday	6480000	384	1007.0	2.0869999999999997
Music	2009-05-12	UC4XR0EZ0oHwSV2XhhShzX5A	Crazy Frog	6160795	13	1008.0	2.0869999999999997
Film and Animation	2011-09-23	UCph-WGR0oCbJDpaWmNHb5zg	Larva TUBA	6160000	1644	1009.0	2.0869999999999997
People & Blogs	2012-09-23	UC3EFKdXAU99j3ppGgvTz7XQ	Bretman Rock	6600000	95	1010.0	2.0869999999999997
Film and Animation	2015-07-22	UCOF23vGxkbhN4wl7ROrgXsA	Goldmines Hindi	6440000	429	1011.0	2.0869999999999997
Film and Animation	2006-02-09	UCUKi4zY5ETSqrKAjTBgjM-g	sWooZie	6900000	357	1012.0	2.0869999999999997
Entertainment	2011-09-21	UCHa-hWHrTt4hqh-WiHry3Lw	EvanTubeHD	6450000	678	1013.0	2.0869999999999997
Autos & Vehicles	2006-03-27	UCjOl2AUblVmg2rA_cRgZkFg	Top Gear	6790000	1235	1014.0	2.0869999999999997
Music	2005-11-05	UC6IBMCQ6-d7p41KHxOsq4RA	Akon	6410000	39	1015.0	2.0869999999999997
Science & Technology	2013-09-10	UCDRx0wMgscsG6vPNB0sO65Q	Life Hacks & Experim...	5630000	482	1016.0	2.0869999999999997
Comedy	2007-07-04	UCmPSwsooZq8an7xOLQQhAdw	Rémi GAILLARD	6889962	145	1019.0	2.0869999999999997
Comedy	2012-06-20	UCu4X846OSea5YU6S8fIpy1A	BigDawsTv	6340000	225	1020.0	2.0869999999999997
Howto & Style	2016-03-04	UCCdYYruzqbr0FdNehbUoUiw	Hong Giang DIY Slime...	6650000	531	1024.0	2.0869999999999997
Howto & Style	2017-08-26	UC1of9ELYwB623fWaAMRDVFA	Grandpa Kitchen	5890000	223	1025.0	2.0869999999999997
Film and Animation	2013-10-31	UC7e1XWjOlYy8XlNMeVxeKNg	Chotoonz TV - Funny ...	5680000	1375	1026.0	2.0869999999999997
Education	2015-06-22	UCrC8mOqJQpoB7NuIMKIS6rQ	Study IQ education	6240000	12199	1029.0	2.0869999999999997
Entertainment	2015-07-15	UCdC0An4ZPNr_YiFiYoVbwaw	Daily Dose Of Intern...	6230000	95	1030.0	2.0869999999999997
Music	2012-08-02	UCnrG75VRwdlp2wtwfpOCBRQ	Sanam	6466332	109	1034.0	2.0869999999999997
People & Blogs	2016-12-27	UC8yX6-5IQGOFJw31V2sw6GQ	Zic Zic	6954226	398	1036.0	2.0869999999999997
People & Blogs	2016-08-31	UCef29bYGgUSoJjVkqhcAPkw	David Dobrik Too	6060000	72	1038.0	2.0869999999999997
Music	2012-11-16	UCwTRjvjVge51X-ILJ4i22ew	Sing King Karaoke	6270000	1949	1039.0	2.0869999999999997
Music	2013-01-23	UCkitABalXafr-NqceQdDXtg	TVFilthyFrank	6620844	162	1040.0	2.0869999999999997
Entertainment	2015-06-14	UCDogdKl7t7NHzQ95aEwkdMw	Sidemen	5970000	113	1044.0	2.0869999999999997
Education	2017-05-25	UCvEAgG7WzPZnZkf9iOV_YCg	Kiddiestv Hindi	6300000	120	1045.0	2.0869999999999997
People & Blogs	2005-11-25	UCYJPby9DRCteedh5tfxVbrw	Smosh Pit	6550000	1309	1046.0	2.0869999999999997
Film and Animation	2008-08-18	UC2iUwfYi_1FCGGqhOUNx-iA	Screen Rant	6440000	2657	1047.0	2.0869999999999997
Entertainment	2011-03-14	UCNJcSUSzUeFm8W9P7UUlSeQ	The Viral Fever	6480042	291	1048.0	2.0869999999999997
Entertainment	2014-05-21	UC3q2YwNGj7ktNf70PqMW72g	Genieland	6880000	2451	1049.0	2.0869999999999997
Comedy	2018-05-23	UCpi8TJfiA4lKGkaXs__YdBA	The Try Guys	6347788	145	1050.0	2.0869999999999997
Music	2016-01-22	UCy5FUarBYUHFpPtYVuvzgcA	ZaynVEVO	6271959	67	1051.0	2.0869999999999997
Howto & Style	2008-06-29	UCRXiA3h1no_PFkb1JCP0yMA	Vogue	6270000	2231	1052.0	2.0869999999999997
Education	2015-07-22	UCkQO3QsgTpNTsOw6ujimT5Q	BE AMAZED	6420000	960	1055.0	2.0869999999999997
Music	2015-01-04	UClW4jraMKz6Qj69lJf-tODA	YoungBoy Never Broke...	5730000	212	1057.0	2.0869999999999997
Gaming	2012-10-07	UCgrA08uO7JR9h6Xr-ONjPkA	LispyJimmy	6250000	2339	1058.0	2.0869999999999997
Science & Technology	2008-05-15	UCSrPuHtKbst7Zy8pyWn_3Cg	What's Inside?	6670000	268	1059.0	2.0869999999999997
Entertainment	2006-03-01	UCrkzfc2yf-7q6pd7EtzgNaQ	Wild 'N Out	5827281	558	1060.0	2.0869999999999997
Music	2007-02-12	UCBFaOy1_APEXEyA6Gws_Y1g	Black Eyed Peas	5590000	30	1064.0	2.0869999999999997
Entertainment	2009-09-21	UCmlsu3V3SzIm2Jmo0S0qiMg	TechRax	6650000	501	1065.0	2.0869999999999997
Music	2010-11-03	UCGej5zp_KWZ-b_1w4Rq2hyA	JessieJVEVO	6810000	77	1067.0	2.0869999999999997
Entertainment	2010-04-19	UCEPTp5WMAzjh9mOrKUwRLmQ	FPSRussia	6639063	115	1068.0	2.0869999999999997
Music	2010-12-27	UC3oQ1986eLZ4MhyPBiu54PA	Sonotek Bhakti	5980000	5337	1069.0	2.0869999999999997
Entertainment	2016-02-29	UCGXUFnA7-MzlMwJjl0r2qyA	Super Polina Play	6320000	155	1070.0	2.0869999999999997
Music	2014-02-09	UCOjEHmBKwdS7joWpW0VrXkg	21 Savage	6210000	97	1071.0	2.0869999999999997
Music	2011-07-21	UCBL7ZxVX4GvW4CFiES_-0YA	Anne-Marie	6140000	67	1075.0	2.0869999999999997
Entertainment	2006-09-18	UCY26xU0-avwTJ6F6TzUZVEw	DreamWorksTV	6150000	4225	1076.0	2.0869999999999997
Film and Animation	2010-03-15	UCKQKIY2YlI4L5QVg7hhfjrQ	Dharma Productions	6192544	984	1077.0	2.0869999999999997
Comedy	2015-09-08	UCaRH3rDr3K3CEfhVqu5mgUQ	Team Edge	6450000	542	1078.0	2.0869999999999997
Entertainment	2009-01-27	UCyU0H_poeSOraMD2y9Vku6A	Dance India Dance	5904298	3371	1079.0	2.0869999999999997
Music	2014-05-20	UCLWCv3y3FK1pqEbe_yzilsw	Zee Music Classic	5790000	730	1080.0	2.0869999999999997
Music	2008-03-25	UCmKurapML4BF9Bjtj4RbvXw	ThePianoGuys	6600000	101	1083.0	2.0869999999999997
Music	2014-03-14	UCr-gTfI7au9UaEjNCbnp_Nw	Vidya Vox	6190000	41	1084.0	2.0869999999999997
Film and Animation	2016-02-08	UCb1WBEEfA4e6FOLOKAH5j8w	Dima Kids TV	6480000	143	1090.0	2.0869999999999997
Education	2011-02-26	UCfdNM3NAhaBOXCafH7krzrA	The Infographics Sho...	6150000	1288	1093.0	2.0869999999999997
Entertainment	2006-02-28	UCMsgXPD3wzzt8RxHJmXH7hQ	Cartoon Network	5890000	5962	1095.0	2.0869999999999997
Film and Animation	2008-10-03	UCOpcACMWblDls9Z6GERVi1A	Screen Junkies	6660000	1014	1096.0	2.0869999999999997
Entertainment	2013-08-03	UCTzzh49iUjkikX6ni8uYbSA	SuperToyzCollector	6730000	213	1097.0	2.0869999999999997
Education	2010-07-21	UCHnyfMqiRRG1u-2MsSQLbXA	Veritasium	6370000	280	1098.0	2.0869999999999997
Comedy	2007-07-13	UCCsj3Uk-cuVQejdoX-Pc_Lg	MagicofRahat	6480000	254	1100.0	2.0869999999999997
Music	2007-08-13	UC-vKwDHcbPLtjml81ohGRng	5SOS	6467113	160	1105.0	2.0869999999999997
Entertainment	2015-09-09	UCLbyJSPEe2lx3jY-G0CFR3g	Vania Mania Kids	5790000	239	1106.0	2.0869999999999997
Entertainment	2011-02-11	UCintIUOJEktQBfhEI9XXpuw	Telugu Filmnagar	6143073	16242	1107.0	2.0869999999999997
Gaming	2010-08-20	UCqg2eLFNUu3QN3dttNeOWkw	iHasCupquake	6620000	4261	1109.0	2.0869999999999997
Education	2018-10-01	UC8s9OjGX4pCnsGQt48lejfw	PomPom	6750000	164	1110.0	2.0869999999999997
Entertainment	2015-09-04	UC7IMq6lLHbptAnSucW1pClA	FilterCopy	5950000	365	1126.0	2.0869999999999997
Gaming	2011-06-03	UCrSgaO6xOY8YV1EoCbD51HA	MessYourself	6090000	863	1129.0	2.0869999999999997
Music	2009-09-02	UCsXfDf1CDgU3SCt0gxJNXGg	justintimberlakeVEVO...	6590000	66	1136.0	2.0869999999999997
Entertainment	2016-09-06	UCV_HCodkhIx43LGAyPENbzA	LIV Kids Hindi	5520000	2039	1137.0	2.0869999999999997
People & Blogs	2006-10-12	UCGjylN-4QCpn8XJ1uY-UOgA	Daniel Howell	6590000	130	1138.0	2.0869999999999997
Education	2015-12-24	UCpwOwri-jcVCf5R9IvppTaA	Tommy's Toys	6570000	576	1139.0	2.0869999999999997
Music	2015-11-25	UCrRpYEytIHGyDgNWO6VbHlQ	8D TUNES	6363412	224	1140.0	2.0869999999999997
Sports	2005-10-31	UCiWLfSweyRNmLpgEHekhoAg	ESPN	5760000	23811	1144.0	2.0869999999999997
Music	2006-03-08	UC-FQUIVQ-bZiefzBiQAa8Fw	BBC Radio 1	6220000	4088	1148.0	2.0869999999999997
Music	2016-06-09	UCvR2R7j218tzejtTsb_X6Rw	DopeLyrics	5810000	905	1153.0	2.0869999999999997
Entertainment	2012-12-29	UCjJKg01HAP01xCLVhDmnLhw	Red Chillies Enterta...	5840000	690	1154.0	2.0869999999999997
Music	2013-03-22	UCuB7zkQVpcPKzHYJn45vM9w	RDC Gujarati	5830000	7661	1155.0	2.0869999999999997
People & Blogs	2012-01-25	UC-TFz4MD1ZzcY6NuZAP3Ndw	The Rybka Twins	5680000	206	1158.0	2.0869999999999997
Entertainment	2009-06-03	UCANBW6ACWi9huiCfbKk1pbQ	Papa Jake	6266472	3565	1159.0	2.0869999999999997
Autos & Vehicles	2006-03-11	UCsAegdhiYLEoaFGuJFVrqFQ	MotorTrend Channel	6380000	2231	1160.0	2.0869999999999997
Entertainment	2005-11-22	UCxAICW_LdkfFYwTqTHHE0vg	MTV	5760000	6464	1166.0	2.0869999999999997
Entertainment	2017-02-09	UCpZ88DWlKW0H_AYDaUZptcw	Ninja Kidz TV	5980000	126	1167.0	2.0869999999999997
Gaming	2010-07-31	UCLCmJiSbIoa_ZFiBOBDf6ZA	TobyGames	6450000	5149	1169.0	2.0869999999999997
News & Politics	2006-09-16	UClFSU9_bUb4Rc6OYfTt5SPw	Philip DeFranco	6400000	2627	1170.0	2.0869999999999997
Entertainment	2010-02-13	UCXhSCMRRPyxSoyLSPFxK7VA	Matthew Santoro	6380000	872	1174.0	2.0869999999999997
Entertainment	2008-08-26	UC_wIGmvdyAQLtl-U2nHV9rg	Zee Tamil	5560000	42842	1179.0	2.0869999999999997
Gaming	2005-12-27	UCGIY_O-8vW4rfX98KlMkvRg	Nintendo	6050000	3791	1180.0	2.0869999999999997
Entertainment	2015-10-29	UCy-AB5ehLFqh1FtCVIH4Q3A	Eagle Home Entertain...	5680000	19092	1184.0	2.0869999999999997
Music	2009-04-29	UCfLFTP1uTuIizynWsZq2nkQ	UKF Dubstep	6370000	1086	1185.0	2.0869999999999997
Gaming	2006-06-11	UCEe076nFuVobN0bAsXK7ICw	speedyw03	6400000	1872	1186.0	2.0869999999999997
People & Blogs	2009-06-16	UCGDumBSWK7q6Rpdwz8osbYA	Prettyboyfredo	5860000	453	1187.0	2.0869999999999997
Music	2009-08-15	UCLbdVvreihwZRL6kwuEUYsA	Think Music India	5790000	2737	1188.0	2.0869999999999997
Entertainment	2011-01-24	UCJ6kxrH8SKz9BiSJ--xeh1A	CloeCouture	6100000	327	1190.0	2.0869999999999997
Film and Animation	2012-06-16	UCKjjmMqvuxNYw8c6knceexQ	Sandaroo Kids	6330000	3281	1193.0	2.0869999999999997
Education	2015-04-15	UCaKZDEMDdQc8t6GzFj1_TDw	Be Inspired	5585165	96	1200.0	2.0869999999999997
People & Blogs	2006-05-07	UCey_c7U86mJGz1VJWH5CYPA	iJustine	6110000	1826	1206.0	2.0869999999999997
Entertainment	2006-06-15	UCVJK2AT3ea5RTXNRjX_kz8A	Tobuscus	6290000	515	1209.0	2.0869999999999997
Gaming	2010-07-21	UCqNH56x9g4QYVpzmWTzqVYg	Dynamo Gaming	5150000	1032	1210.0	2.0869999999999997
People & Blogs	2014-02-16	UCqwxMqUcL-XC3D9-fTP93Mg	LIL UZI VERT	5907388	79	1212.0	2.0869999999999997
Education	2011-10-20	UCZYTClx2T1of7BRZ86-8fow	SciShow	5850000	2071	1214.0	2.0869999999999997
Comedy	2006-05-30	UCOYWgypDktXdb-HfZnSMK6A	TomSka	6130000	164	1216.0	2.0869999999999997
Howto & Style	2010-01-22	UCIsotCCdTjStPCLyD9iBCCQ	Shruti Arjun Anand	5104133	763	1217.0	2.0869999999999997
Music	2011-04-19	UCjb5iAXrj1D6NjHJYvDGw7w	Wave Music - Bhakti	5820000	16437	1227.0	2.0869999999999997
Entertainment	2017-01-30	UCtVmCA5qjxCiktUd3dZu5hg	Senya ToysReview	5791038	162	1228.0	2.0869999999999997
Music	2014-08-10	UCP_b12xavk-H9EXp5JXLOEA	Satyajeet Jena Offic...	5680000	88	1229.0	2.0869999999999997
Howto & Style	2011-06-27	UC21yq4sq8uxTcfgIxxyE9VQ	Carli Bybel	6190000	546	1234.0	2.0869999999999997
Music	2008-11-27	UCunw-c0EKIX5LpPo8GpA2Aw	elcarteldesantatv	5690000	279	1235.0	2.0869999999999997
Gaming	2013-12-20	UCChwR7eLKtbl1KyI7VFASzQ	Fe4RLess	5750000	174	1237.0	2.0869999999999997
Comedy	2016-05-26	UCwWhs_6x42TyRM4Wstoq8HA	The Daily Show with ...	5470000	1711	1239.0	2.0869999999999997
Entertainment	2015-05-31	UCLnDTo0igOTjP6l3dT_tkDg	RCM Music Bhojpuri	5603079	6790	1243.0	2.0869999999999997
People & Blogs	2013-07-07	UCycM0Fd584iW3IpgCAjaSEw	AmusementForce	5720000	7007	1244.0	2.0869999999999997
Film and Animation	2016-06-06	UCsyoNsqE37tZIkuvqVPTa7g	Hindi Fairy Tales	5456350	176	1248.0	2.0869999999999997
Entertainment	2009-09-24	UCtNBFUsxj2YVbEc5HquzFqg	Carter Sharer	5540000	223	1249.0	2.0869999999999997
Entertainment	2016-11-08	UCCm3xDalujG8RHrhdTAZlgg	BreakMan	5500000	270	1250.0	2.0869999999999997
Music	2017-03-07	UCuajwgnxd-uxvNzzwYwjifA	Sonotek Official	5790000	1076	1253.0	2.0869999999999997
People & Blogs	2017-04-13	UCja7QUMRG9AD8X2F_vXFb9A	The Royalty Family	4554817	188	1255.0	2.0869999999999997
News & Politics	2007-10-25	UCPP3etACgdUWvizcES1dJ8Q	News18 India	5720000	44486	1256.0	2.0869999999999997
Entertainment	2015-02-19	UCHFA6Nt11kE_8OWIya0SQDQ	PlayToys	6050000	885	1257.0	2.0869999999999997
Pets & Animals	2009-02-25	UCwmZiChSryoWQCZMIQezgTg	BBC Earth	5380000	1602	1258.0	2.0869999999999997
Gaming	2006-01-17	UC9YydG57epLqxA9cTzZXSeQ	Call of Duty	5990000	1330	1259.0	2.0869999999999997
Music	2007-01-23	UCCTR5nIFvWBW9MeGEGPNG4g	Cat Music	5910413	1922	1265.0	2.0869999999999997
Education	2014-12-19	UCBINYCmwE29fBXCpUI8DgTA	MostAmazingTop10	5696090	2936	1268.0	2.0869999999999997
Music	2013-03-28	UChEYVadfkMCfrKUi6qr3I1Q	Kodak Black	5850000	265	1269.0	2.0869999999999997
Education	2010-10-20	UCgrsF4TYwmrV0QsXb8AoeHQ	Dr. Sandra Lee (aka ...	5720000	955	1270.0	2.0869999999999997
Gaming	2008-11-08	UCa7507M549AiDKN8J89tn5A	FaZe Apex	5670000	1822	1271.0	2.0869999999999997
Sports	2012-08-03	UCt2JXOLNxqry7B_4rRZME3Q	ICC	5630000	2451	1272.0	2.0869999999999997
Music	2012-11-20	UCjNRJBlxvvS0UXAT2Ack-QQ	Zara Larsson	5620761	42	1275.0	2.0869999999999997
Gaming	2010-10-21	UCsvn_Po0SmunchJYOWpOxMg	videogamedunkey	5730000	648	1277.0	2.0869999999999997
Education	2016-09-29	UCP9nQIE4mBLSu2nvLDZJZWg	Universe Adventure	5620000	263	1278.0	2.0869999999999997
Entertainment	2006-08-21	UCJHA_jMfCvEnv-3kRjTCQXw	Binging with Babish	5240000	245	1280.0	2.0869999999999997
Entertainment	2013-10-02	UClkUrNgGC4BD6pWURJbM9MQ	AWESMR kids	5600000	2236	1283.0	2.0869999999999997
Music	2009-08-24	UCD6aIT1MqFEwscbhuqr9fqw	Don Omar	5729190	108	1284.0	2.0869999999999997
People & Blogs	2016-06-06	UCdmnOJ63TCe2AEdeFTYiweA	Funny Vines	5610000	78	1286.0	2.0869999999999997
Howto & Style	2012-08-30	UCFKE7WVJfvaHW5q283SxchA	Yoga With Adriene	5420000	501	1287.0	2.0869999999999997
Music	2011-04-06	UCa7nT-pEV7Aeh-ntjecu7xw	Alex Aiono	6020000	276	1288.0	2.0869999999999997
Entertainment	2010-11-25	UCpgxmlXoDtkYzRQ4cJgCT5A	Power Rangers Offici...	5610000	3563	1289.0	2.0869999999999997
Howto & Style	2014-10-07	UCChqsCRFePrP2X897iQkyAA	Kabita's Kitchen	5590000	698	1290.0	2.0869999999999997
Music	2015-12-07	UC23ROAqt3prjnS89uHwcaaQ	CNCOVEVO	6040000	63	1294.0	2.0869999999999997
Science & Technology	2012-06-21	UCSiDGb0MnHFGjs4E2WKvShw	MR. INDIAN HACKER	4700000	336	1299.0	2.0869999999999997
Film and Animation	2014-10-24	UCNEKMkg_DG8eAyR1BNWsSvw	OGGY	5020000	552	1306.0	2.0869999999999997
Autos & Vehicles	2008-07-30	UCes1EvRjcKU4sY_UEavndBw	ChrisFix	5510000	320	1307.0	2.0869999999999997
Entertainment	2008-04-22	UCNcdbMyA59zE-Vk668bKWOg	Disney Junior	4970000	1726	1308.0	2.0869999999999997
Howto & Style	2009-06-29	UC_GvMVffgctSISDkeWlKhXQ	dope2111	5940000	239	1313.0	2.0869999999999997
Gaming	2010-09-01	UCdJdEguB1F1CiYe7OEi3SBg	JonTronShow	5662544	110	1315.0	2.0869999999999997
Howto & Style	2016-07-13	UCAeFhampgxy4JRtIDHU9pcA	YourHealth	5610000	433	1320.0	2.0869999999999997
Sports	2014-12-14	UCDVYQ4Zhbm3S2dlz7P1GBDg	NFL	5140000	16368	1323.0	2.0869999999999997
Entertainment	2010-11-20	UCyoEZ7icpGsUlki08Is8v9g	loveliveserve	5130000	566	1327.0	2.0869999999999997
Entertainment	2014-07-22	UCIHdr1oAtGvPeJTmxpQVDfw	AVRprankTV	5640000	81	1328.0	2.0869999999999997
Entertainment	2014-12-11	UCX2y61A3llrNxXBHg2EtGQw	De'arra & Ken 4 Life...	5770000	239	1330.0	2.0869999999999997
Music	2009-05-19	UCr8RbU-D7iSvpy0ZO-AasoQ	INNA	5518392	778	1336.0	2.0869999999999997
People & Blogs	2015-10-22	UC8asGEZcK6RBq2QY52fAVHw	The Surprise For Kid...	5790000	136	1337.0	2.0869999999999997
Howto & Style	2010-01-19	UCiP6wD_tYlYLYh3agzbByWQ	FitnessBlender	5810000	873	1340.0	2.0869999999999997
Music	2011-10-11	UC3N5y6UWKJaKqoU2b_0MfTQ	LanaDelReyVEVO	5924530	49	1343.0	2.0869999999999997
Music	2016-11-22	UCkAoKHarkL0cmwiPtluQUXg	RCM Bhojpuri Hit	4984341	6584	1345.0	2.0869999999999997
Comedy	2010-10-08	UC-DUrA-h7-s_C57ECJ1BFPA	Coby Persin	5720000	98	1347.0	2.0869999999999997
Howto & Style	2010-09-07	UC6jgzx2g3nlbaYkd8EMweKA	Jaclyn Hill	5890000	344	1348.0	2.0869999999999997
People & Blogs	2008-05-15	UC-OO324clObi3H-U0bP77dw	SnoopDoggTV	5470000	1439	1350.0	2.0869999999999997
Science & Technology	2005-09-23	UCftwRNsjfRo08xYE31tkiyw	WIRED	5100000	2902	1354.0	2.0869999999999997
Music	2005-11-11	UCfIXdjDQH9Fau7y99_Orpjw	Gorillaz	5480000	172	1355.0	2.0869999999999997
Gaming	2010-03-03	UCuj1Ms9_LCsQPSJ4p8nvOVA	Bajan Canadian	5930000	4175	1356.0	2.0869999999999997
Entertainment	2014-02-01	UCTlnaHHQ75zlDg_fLr7tGEg	The Timeliners	5521308	227	1357.0	2.0869999999999997
Education	2008-04-22	UCJkWoS4RsldA1coEIot5yDA	Mother Goose Club	5480000	846	1358.0	2.0869999999999997
Entertainment	2006-11-21	UCeSRjhfeeqIgr--AcP9qhyg	Guinness World Recor...	5470000	1772	1362.0	2.0869999999999997
Entertainment	2014-03-01	UCgJjd8J5moTQSwnCIx4WSIw	Planet Dolan	5830000	1266	1365.0	2.0869999999999997
Entertainment	2014-03-14	UCjBwQ6M9QyCgO5Pp-TQRFUA	RK Duggal Studios	5246633	695	1368.0	2.0869999999999997
Music	2009-05-12	UCQ5kHOKpF3-1_UCKaqXARRg	OneRepublicVEVO	5840000	153	1369.0	2.0869999999999997
News & Politics	2006-05-08	UCZFMm1mMw0F81Z37aaEzTUA	NDTV	5459870	79096	1371.0	2.0869999999999997
Sports	2007-06-20	UCOiFUE8BrJaAje9IlSmzCtg	Saskia's Dansschool	5445652	281	1372.0	2.0869999999999997
Howto & Style	2008-07-06	UC1KbedtKa3d5dleFR6OjQMg	alpha m.	5360000	1116	1376.0	2.0869999999999997
Entertainment	2014-05-21	UCLe_kjXzRP_0opzw-BXiQxw	XtremeGamez	4390000	119	1377.0	2.0869999999999997
People & Blogs	2017-04-04	UCTbNOCtAGaqOEnLMeo3JTeg	CookingShooking Hind...	4990000	197	1387.0	2.0869999999999997
Entertainment	2016-08-25	UCQfE97UMDGgKCFb7iGM8Btg	BakLol Video	4920000	139	1388.0	2.0869999999999997
Music	2005-10-24	UCB0JSO6d5ysH2Mmqz5I9rIw	AC/DC	5325026	101	1389.0	2.0869999999999997
People & Blogs	2017-07-18	UC6N-9Wh0DYhDI8sQS7jwjVA	Ms Alex Gonzaga	4370000	103	1390.0	2.0869999999999997
Gaming	2011-05-12	UCQCnMFr8uHBaMTaNBhych_A	Mini Ladd	5740000	1306	1393.0	2.0869999999999997
Education	2010-01-26	UCGi_crMdUZnrcsvkCa8pt-g	Alltime10s	5690000	1806	1397.0	2.0869999999999997
Entertainment	2010-06-14	UCwgURKfUA7e0Z7_qE3TvBFQ	devinsupertramp	5610000	311	1398.0	2.0869999999999997
Gaming	2010-04-12	UCvwgF_0NOZe2vN4Q3g1bY-A	Vikkstar123	5680000	4619	1403.0	2.0869999999999997
Entertainment	2015-02-03	UCrRLaQ1hup5VmVINQkgKE7Q	SurpriseJoe	5760000	114	1404.0	2.0869999999999997
Gaming	2014-12-21	UCoz3Kpu5lv-ALhR4h9bDvcw	Shroud	5400000	741	1405.0	2.0869999999999997
Education	2015-06-27	UCsCe7SNQckiRJ6y563SIupg	Jugnu Kids - Nursery...	5410000	430	1406.0	2.0869999999999997
News & Politics	2006-03-09	UCEa-JnNdYCIFn3HMhjGEWpQ	John Legend	5466913	153	1407.0	2.0869999999999997
Entertainment	2014-02-06	UC6-NBhOCP8DJqnpZE4TNE-A	Lance Stewart	5520000	1025	1415.0	2.0869999999999997
Music	2012-02-03	UCj2GTFekdV3EUsTVN8oaEqA	kevingatesTV	5275548	272	1423.0	2.0869999999999997
Education	2014-12-13	UC8oZ6DVw2vsi2yHMb_H4cRQ	Toys Kids TV	5480000	25	1425.0	2.0869999999999997
Film and Animation	2016-11-26	UCu7Hg0f3rxqZ6qs-188ZbjQ	Goldmines Dishoom	3710000	138	1425.0	2.0869999999999997
People & Blogs	2009-03-17	UC2LgZ_4GzSFQS-3a87_Jc6w	Cute Girls Hairstyle...	5660000	612	1427.0	2.0869999999999997
Music	2008-09-11	UCkD89TEFWsTZluY6tk84yqg	ckan98	5383547	122	1429.0	2.0869999999999997
Education	2016-11-06	UCZz3_h8kVL2VlE784JDkA_g	SECRET INDIAN TV	5360000	600	1430.0	2.0869999999999997
Music	2010-08-19	UCPNokRZ9hacjIQ3IQL6HNUQ	Zedd	5370000	101	1436.0	2.0869999999999997
Comedy	2016-04-29	UCbmu9wfzxKls40WkCzvqtRA	Elvish yadav	5200000	93	1437.0	2.0869999999999997
People & Blogs	2011-12-14	UCi87kxosIT3wrnEA-mv4jWA	FaZe Adapt	5580000	1449	1438.0	2.0869999999999997
Music	2006-12-05	UCFHtCB_FWXQ8GpjgfYcD8-g	Passenger	5394331	230	1440.0	2.0869999999999997
Music	2006-01-30	UCurpiDXSkcUbgdMwHNZkrCg	Mariah Carey	4920000	85	1443.0	2.0869999999999997
Entertainment	2011-05-18	UCgFvT6pUq9HLOvKBYERzXSQ	Davie504	3970000	465	1444.0	2.0869999999999997
Entertainment	2011-10-11	UC-lJ-F5mlPP6SYPkkq6gjwA	VikatanTV	5050000	12232	1446.0	2.0869999999999997
Sports	2010-10-10	UCdPui8EYr_sX6q1xNXCRPXg	STORROR	5080000	370	1450.0	2.0869999999999997
Sports	2009-09-09	UC5f5IV0Bf79YLp_p9nfInRA	How Ridiculous	5382516	250	1453.0	2.0869999999999997
Entertainment	2013-06-29	UCQmZ9BIYOBSkxL-eqqg5z-g	MarkAngelComedy	4870000	242	1454.0	2.0869999999999997
Education	2015-03-24	UCKcQ7Jo2VAGHiPMfDwzeRUw	ChuChuTV Surprise Eg...	5340000	74	1463.0	2.0869999999999997
Film and Animation	2012-01-17	UCt7_pnSRPKU3bu2GqmgH8gQ	WAMIndiaMovies	4720000	653	1465.0	2.0869999999999997
Entertainment	2008-01-02	UCe9JSDmyqNgA_l2BzGHq1Ug	HAR PAL GEO	5310000	8814	1466.0	2.0869999999999997
Music	2012-01-17	UCCFJeI-2sT_cWgz-QJRgbCw	KygoMusic	5309067	21	1467.0	2.0869999999999997
People & Blogs	2016-05-01	UCwIWAbIeu0xI0ReKWOcw3eg	Unspeakable	4590000	344	1473.0	2.0869999999999997
Science & Technology	2015-06-08	UC4Tklxku1yPcRIH0VVCKoeA	Quantum Tech HD	4322673	273	1474.0	2.0869999999999997
Music	2010-12-12	UCuFwzKrS0wE43CSkyaHBGiQ	SagaHits	4756448	2223	1475.0	2.0869999999999997
Entertainment	2015-07-18	UCGTxCNqN5xQx8UnJ4y8cT0w	Mr. Tops	5490000	297	1476.0	2.0869999999999997
Comedy	2013-10-18	UCbwMZHCMpBiOWfYLBOH-9Qw	TheOfficialLoganPaul...	5283112	42	1477.0	2.0869999999999997
Gaming	2012-03-29	UCP-CAwOG0AiieZNFdONsN5Q	KjraGaming	4480000	2094	1478.0	2.0869999999999997
Gaming	2012-06-25	UC4f1zAG2BTkfOQV4_nFbpBQ	TheAtlanticCraft	5280000	3180	1479.0	2.0869999999999997
Music	2013-05-31	UC0gOw4iy-6HwO01q-gA1B0Q	Lil Peep	4929450	28	1485.0	2.0869999999999997
Entertainment	2013-11-13	UCBz9qbqujcjIavFmBJW2oZw	Sony AATH	4406304	4447	1487.0	2.0869999999999997
Gaming	2009-03-04	UCq54nlcoX-0pLcN5RhxHyug	SeaNanners Gaming Ch...	5540000	1839	1488.0	2.0869999999999997
Music	2014-07-01	UCweazuUMMKdL2wwSyrxla9A	RaeSremmurdVEVO	5570000	50	1489.0	2.0869999999999997
Travel & Events	2009-02-02	UCyEd6QBSgat5kkC6svyjudA	Mark Wiens	4900000	993	1493.0	2.0869999999999997
Gaming	2012-04-10	UCNvzD7Z-g64bPXxGzaQaa4g	gameranx	5210000	1991	1496.0	2.0869999999999997
Comedy	2007-06-11	UCEmCXnbNYz-MOtXi3lZ7W1Q	The Key of Awesome	5500000	1100	1497.0	2.0869999999999997
Entertainment	2014-05-16	UCJYtYkiGldqX6Ne938j-k2g	The Voice Global	5010000	368	1500.0	2.0869999999999997
People & Blogs	2012-09-11	UCUKxWDTKylMaLjbNe3pOpCg	Cameron Dallas	5582797	20	1503.0	2.0869999999999997
Entertainment	2012-06-23	UCLk9wddjT0F-HILLRFXodtg	Joe Weller	5230000	326	1504.0	2.0869999999999997
Music	2013-04-19	UCsBEsq8oQ61St7LLwax1t5g	RDC Rajasthani	5100000	13679	1505.0	2.0869999999999997
News & Politics	2014-06-16	UC11PvrGPzo6Y7Zc6-e9cAKg	DramaAlert	5330000	1011	1506.0	2.0869999999999997
Film and Animation	2011-04-13	UCHiL-zHyeOnjb44ZcmZpIMw	Bolly Kick	4756308	431	1509.0	2.0869999999999997
Entertainment	2007-11-08	UC82o9tQyo_cJhtyoFi-ROEw	Zee Marathi	4950000	70337	1510.0	2.0869999999999997
Music	2012-12-19	UCudKvbd6gvbm5UCYRk5tZKA	TheSoundYouNeed	5405738	352	1512.0	2.0869999999999997
Gaming	2014-01-28	UCtb8P4rf_1n8KS8eZk_lNNw	Fitz	5256905	149	1514.0	2.0869999999999997
Entertainment	2016-11-25	UCOjRAkq9NNSPBgxljkFDAGg	ImJayStation	4790000	626	1515.0	2.0869999999999997
Entertainment	2015-07-06	UC-Gm4EN7nNNR3k67J8ywF4g	Blippi Toys	4620000	122	1517.0	2.0869999999999997
Entertainment	2012-05-08	UCd6xjtAsyhN6HfSw6lUSVMA	Melliart	5250000	55	1518.0	2.0869999999999997
Gaming	2013-05-17	UCKIZCD7ljjbzaWSrDMT0QPw	Sernandoe	4790000	1403	1527.0	2.0869999999999997
Entertainment	2008-12-10	UCU5pQWmxvxqRP5u-SdoV8rQ	Movie Talkies	5110000	22118	1528.0	2.0869999999999997
Gaming	2017-11-15	UCbJ9W-EexsJSMc4wMPOA9pA	Daequan Loco	5190000	543	1529.0	2.0869999999999997
Comedy	2006-01-07	UCywhnhPP3dAw7huG_y0hdEg	Brandon Rogers	5260000	170	1530.0	2.0869999999999997
News & Politics	2006-04-08	UC16niRr50-MSBwiO3YDb3RA	BBC News	5190000	10459	1531.0	2.0869999999999997
Gaming	2012-07-10	UC9CuvdOVfMPvKCiwdGKL3cQ	GameGrumps	5180000	6910	1536.0	2.0869999999999997
Entertainment	2015-11-10	UCkrKW1_u0O8qSc3xsLoRHew	Funk Bros	5150000	835	1538.0	2.0869999999999997
Film and Animation	2015-08-19	UCFTtrxmEhd1pu-_ShK8XeIg	Premium Digiplex Mov...	4630000	299	1539.0	2.0869999999999997
Music	2006-12-27	UCUs8sGiP4avNaYNVO22INhQ	Machine Gun Kelly	5170000	194	1540.0	2.0869999999999997
Howto & Style	2013-12-14	UCgtH3b5WROXZKYiiCKBEsYw	SHORT TIME SECRET	5020000	349	1548.0	2.0869999999999997
Music	2007-01-30	UCbulh9WdLtEXiooRcYK7SWw	MetallicaTV	5020000	1519	1549.0	2.0869999999999997
Music	2006-10-16	UCOJZ1tna8yj8mAEITPkHNCQ	Slipknot	5150061	199	1550.0	2.0869999999999997
Entertainment	2011-09-17	UCfhmwml--SRANrIVWxEM-SQ	FaZe Banks	5440000	177	1553.0	2.0869999999999997
People & Blogs	2017-11-24	UC7_yh9PEDpaqp34QtGO-_Yw	Tiana Wilson	5130000	221	1555.0	2.0869999999999997
Gaming	2010-11-29	UCNAz5Ut1Swwg6h6ysBtWFog	TBNRFrags	5140000	1881	1556.0	2.0869999999999997
Education	2006-11-17	UC4a-Gbdw7vOaccHmFo40b9g	Khan Academy	5060000	7445	1557.0	2.0869999999999997
Music	2016-10-24	UCk0wwaFCIkxwSfi6gpRqQUw	CamilaCabelloVEVO	5440000	33	1558.0	2.0869999999999997
Entertainment	2017-11-27	UCfl_I6C9DGcSGmjIGUxU04Q	MaJa Tv Moral Storie...	3780000	117	1560.0	2.0869999999999997
Entertainment	2008-05-23	UCSE6yilNScIz1SLTNQvrXMw	Vinheteiro	4640000	448	1563.0	2.0869999999999997
People & Blogs	2012-05-23	UCOgUcv_9DaivXzsN9mcHIzQ	TGFbro	5040000	396	1569.0	2.0869999999999997
Gaming	2009-04-27	UCiYcA0gJzg855iSKMrX3oHg	CoryxKenshin	4930000	1437	1575.0	2.0869999999999997
Pets & Animals	2014-03-21	UCINb0wqPz-A0dV9nARjJlOQ	The Dodo	4720000	5193	1580.0	2.0869999999999997
Comedy	2007-08-13	UCxOGHW-aqciBe5Wjq8ltzOg	Ownage Pranks	5080000	504	1583.0	2.0869999999999997
Gaming	2015-05-08	UCrkfdiZ4pF3f5waQaJtjXew	GamingWithKev	4890000	1685	1586.0	2.0869999999999997
Gaming	2012-05-09	UCz_yk8mDSAnxJq0ar66L4sw	RobTopGames	4836977	34	1587.0	2.0869999999999997
Music	2006-07-11	UCDgUAAHgsV2fFZQm2fIWBnA	Prince Ea	4600000	270	1588.0	2.0869999999999997
Music	2008-09-26	UCTKDB3h5zMdf_2siDHsd_yw	Cimorelli	4980000	631	1593.0	2.0869999999999997
Entertainment	2015-04-20	UClG3xO5ruPVabweBBOzZlrQ	Donna the Explorer	5030000	144	1594.0	2.0869999999999997
Music	2006-03-14	UCb3tJ5NKw7mDxyaQ73mwbRg	Kontor.TV	5177996	1996	1595.0	2.0869999999999997
News & Politics	2007-10-29	UCqYw-CTd1dU2yGI71sEyqNw	GMA News	4436635	308522	1596.0	2.0869999999999997
Entertainment	2010-07-25	UC9SVhrnsGxWwiBRWT9c7Ozw	RoomieOfficial	5050000	200	1598.0	2.0869999999999997
Entertainment	2011-11-14	UCB_Mdi3acqKLRR8zKFkqKoA	Ayo & Teo	5050000	91	1599.0	2.0869999999999997
Gaming	2011-09-02	UCUk7VggtJdo9XYTy3Z5QVAw	ItsFunneh	4850000	1309	1600.0	2.0869999999999997
Education	2016-06-06	UCa6cLayR1jdfGFPEOXKCRYg	Research Tv India	5023489	332	1604.0	2.0869999999999997
People & Blogs	2010-04-24	UCudeRz9YntRrmKBSqnHyKGQ	ConnorFranta	5370000	352	1605.0	2.0869999999999997
Comedy	2016-07-26	UCEr55381WIqO1w_IzgcI5DQ	Anwar Jibawi	5030000	103	1607.0	2.0869999999999997
News & Politics	2008-01-19	UC9CYT9gSNLevX5ey2_6CK0Q	NDTV India	3330000	18027	1608.0	2.0869999999999997
Music	2012-04-20	UC0pjYdWYOiD3-toOOyZZApw	Trimurti	4760046	3430	1609.0	2.0869999999999997
Gaming	2010-12-29	UCxaVOVnhmT0-HCUv72jtOTA	FaZe Rain	5327088	1671	1610.0	2.0869999999999997
Entertainment	2016-11-20	UCsaOzYsyshyrYL4SHCTI8xw	Ryan's Family Review...	4630000	492	1611.0	2.0869999999999997
Science & Technology	2015-11-17	UC1tVU8H153ZFO9eRsxdJlhA	Technology Gyan	4480000	464	1612.0	2.0869999999999997
Entertainment	2015-09-25	UCHJuQZuzapBh-CuhRYxIZrg	Insider	4890000	6822	1613.0	2.0869999999999997
Comedy	2007-01-31	UC0PKLLmL8pIJLjOI1gBH_pA	Shemaroo Comedy	5020000	1070	1614.0	2.0869999999999997
Gaming	2012-11-30	UCiwIAU4SNlrcv47504JrJeQ	Azerrz	4950000	250	1615.0	2.0869999999999997
Entertainment	2016-11-02	UC66qTRH20AvahadBgw5YYyQ	Life with Brothers	5030000	759	1616.0	2.0869999999999997
Education	2016-03-25	UCKRavtVhYBxTzigyGVLPPZQ	Bouncing Baby TV	5288567	34	1617.0	2.0869999999999997
Education	2010-05-18	UC7IcJI8PUf5Z3zKxnZvTBog	The School of Life	4870000	724	1619.0	2.0869999999999997
Entertainment	2013-03-07	UCbSGbqIVds2FiYn-0v0AqSA	Rathore Cassettes	4530000	3202	1620.0	2.0869999999999997
Entertainment	2012-02-15	UC2rd5cWeATWXJv-dPKGoVqA	realnollywoodclips	4970000	1076	1621.0	2.0869999999999997
Music	2006-10-07	UCaNrhBiXsXIM2epDl_kEzgQ	Usher	5061356	97	1623.0	2.0869999999999997
Comedy	2015-05-01	UClWD8su9Sk6GzZDwy9zs3_w	Tana Paul	4960000	260	1624.0	2.0869999999999997
Entertainment	2016-11-18	UCsB-1d8mS9zhHIje_sGTpXA	Kids, Toys & Adventu...	4840938	180	1628.0	2.0869999999999997
Music	2010-12-13	UCo07fumrTn1w4AxcU4j_uDw	Times Music	4920000	1265	1629.0	2.0869999999999997
Howto & Style	2012-06-08	UC0rDDvHM7u_7aWgAojSXl1Q	DaveHax	4910000	397	1632.0	2.0869999999999997
Gaming	2013-05-06	UCyeVfsThIHM_mEZq7YXIQSQ	MoreAliA	5150000	1414	1633.0	2.0869999999999997
Music	2010-11-24	UCaI6qWhg6BMHx3keDO2OD0Q	Venus Regional	4740000	2844	1635.0	2.0869999999999997
Education	2016-10-22	UCRGl2gA9X6BXqOvNL2jePtw	Mahatmaji Technical	4880000	492	1637.0	2.0869999999999997
Film and Animation	2007-11-14	UCH6vXjt-BA7QHl0KnfL-7RQ	Simon's Cat	5050000	213	1638.0	2.0869999999999997
Entertainment	2013-04-01	UC70o5gPX_JhOosmjwoAbKCA	Shalimar Telugu & Hi...	4740000	75412	1639.0	2.0869999999999997
Education	2015-10-11	UC1fpu8N-DkmhqqwHTI5yxrg	Health & Beauty Tips...	4760000	211	1643.0	2.0869999999999997
Entertainment	2007-07-05	UCYLR1ghzYNyvfjw78raCuxA	Dr. Phil	4710000	9041	1647.0	2.0869999999999997
Entertainment	2015-05-05	UCKV2MIICJ8Oa7_he1IZJEVw	ExtremeToys TV	4830000	246	1653.0	2.0869999999999997
Comedy	2009-02-08	UCGwruZaVBlp2AwbdUdNaLPQ	SteveKardynal	5206739	43	1655.0	2.0869999999999997
Film and Animation	2015-08-17	UCObyBrdrtQ20BU9PxHQDY9w	Pen Multiplex	4870000	1293	1658.0	2.0869999999999997
Gaming	2011-07-11	UCrYnLkVfvVf0Qy0YOUQdk2A	JeromeASF	5090000	7524	1659.0	2.0869999999999997
People & Blogs	2017-05-08	UCFcBAGR0drI3F15EhMFjuTg	Aayu and Pihu Show	3674836	116	1660.0	2.0869999999999997
Music	2014-12-05	UCoRR6OLuIZ2-5VxtnQIaN2w	NFrealmusic	4461632	29	1663.0	2.0869999999999997
Education	2015-06-10	UCpzYfBXbEHHQHU2e89jM9Tg	Little Treehouse Nur...	4540000	819	1664.0	2.0869999999999997
Music	2010-02-15	UCrFB54bqp8sda4udJyNswlA	DJKhaledVEVO	5210000	67	1666.0	2.0869999999999997
Gaming	2009-01-17	UCcWl6q7rcJ9WoF_Kwmxg23A	Lui Calibre	5198166	455	1668.0	2.0869999999999997
Music	2015-10-08	UCAfvFXvjzEupwo2NtyDhRZA	Desiigner LOD	4933933	32	1670.0	2.0869999999999997
Gaming	2011-05-08	UC2nZMhZ2qG5-xpqb440WLYg	ExplodingTNT	5186001	685	1675.0	2.0869999999999997
Entertainment	2006-08-10	UCspJ-h5Mw9_zeEhJDzMpkkA	Furious Pete	5150000	742	1676.0	2.0869999999999997
Music	2005-12-14	UC6goaPmi9oiGf3IVrVb6AmQ	Pedro Capó	4600000	23	1678.0	2.0869999999999997
Gaming	2006-04-10	UCDwujczvdxbbVHg-V4-kC-A	XpertThief	5000000	1759	1679.0	2.0869999999999997
Entertainment	2014-05-02	UCOQNJjhXwvAScuELTT_i7cQ	SonyLIV	4400000	1339	1680.0	2.0869999999999997
Entertainment	2007-05-16	UCytZlLB3uBn2XFfXlN25zPg	JOOGSQUAD PPJT	4980000	1054	1684.0	2.0869999999999997
Education	2015-05-24	UCmDalaHBMDjFT65eYI50ZzQ	Ravina Kid-Show	5180000	44	1687.0	2.0869999999999997
Film and Animation	2018-04-13	UCv2fH7qjvBKoc6v0s2bVVBg	Hindi Fairy Tales	3790000	226	1689.0	2.0869999999999997
People & Blogs	2019-01-17	UCBXNpF6k2n8dsI6nBH8q4sQ	123 GO!	3240000	43	1690.0	2.0869999999999997
Entertainment	2016-01-09	UCQ_RJNjvGLGLoxU6pPodvkQ	Martinez Twins	4810000	205	1691.0	2.0869999999999997
Music	2006-10-07	UC2gMECGMn5TVbRN5S5tKb8Q	Christina Perri	4919018	115	1694.0	2.0869999999999997
Gaming	2010-01-09	UCzTlXb7ivVzuFlugVCv3Kvg	LDShadowLady	4800000	985	1695.0	2.0869999999999997
News & Politics	2014-04-09	UCuzS3rPQAYqHcLWqOFuY0pw	News24	4780000	53812	1696.0	2.0869999999999997
News & Politics	2007-01-10	UC_vt34wimdCzdkrzVejwX9g	Geo News	4793825	37087	1697.0	2.0869999999999997
Music	2016-01-28	UClwHE8uHvmozLoc8jVi07bw	Shree Jee - Bhakti	4620000	571	1699.0	2.0869999999999997
Entertainment	2014-01-13	UCvK4bOhULCpmLabd2pDMtnA	Yes Theory	4250000	278	1703.0	2.0869999999999997
Entertainment	2011-12-25	UCZpRTwgtk1H0cUAWrHZ1gzg	MoreJStu	4770000	1389	1704.0	2.0869999999999997
Pets & Animals	2008-08-02	UC4kyYTypYb3mQ6ZL25kly6g	Animal Aid Unlimited...	4380000	251	1707.0	2.0869999999999997
Gaming	2012-11-28	UC_ItCy-BTDCULPpDPlieUKA	GamingWithJen	5090000	454	1709.0	2.0869999999999997
Entertainment	2016-09-14	UCOUABwInspZU96hp092kt7Q	Funny Bunny	5180000	28	1712.0	2.0869999999999997
Entertainment	2007-09-29	UCQzdMyuz0Lf4zo4uGcEujFw	GameofThrones	4751781	822	1713.0	2.0869999999999997
Comedy	2009-11-17	UCwtnkRZcvL4bfopzJ-Von8Q	merrelltwins	4720000	453	1716.0	2.0869999999999997
Howto & Style	2012-07-23	UCWFKCr40YwOZQx8FHU_ZqqQ	JerryRigEverything	4410000	696	1717.0	2.0869999999999997
People & Blogs	2017-06-20	UCU0X0jiii24OXllSgXbPVBw	Madelaine Petsch	4760000	88	1719.0	2.0869999999999997
Music	2009-10-15	UCZijND2e2tPp2AQL8Go2YSg	BritneySpearsVEVO	5118576	99	1724.0	2.0869999999999997
Music	2008-04-26	UC4q12NoPNySbVqwpw4iO5Vg	Hillsong Worship	4590000	579	1728.0	2.0869999999999997
Music	2013-02-25	UCcdOEjqjiVAnUtEFZIRTlHg	iggyazaleamusicVEVO	5120000	64	1729.0	2.0869999999999997
Gaming	2011-12-20	UCC-uu-OqgYEx52KYQ-nJLRw	Prestige Clips	4722462	599	1730.0	2.0869999999999997
Howto & Style	2009-06-13	UCIJwWYOfsCfz6PjxbONYXSg	blogilates	4720000	679	1731.0	2.0869999999999997
Film and Animation	2008-03-26	UCyKa1YNZLio6XfjMR7fw45Q	The Official Gummib�...	4710000	408	1735.0	2.0869999999999997
Gaming	2011-09-14	UCERUmrDh9hmqEXBsnYFNTIA	DashieGames	4950000	2462	1743.0	2.0869999999999997
Entertainment	2006-01-07	UCqf2gzmKtH3PaAbt-qgFFsw	TLC	4630000	6721	1744.0	2.0869999999999997
Gaming	2006-02-17	UC6VcWc1rAoWdBCM0JxrRQ3A	Rockstar Games	4829650	252	1745.0	2.0869999999999997
Film and Animation	2014-03-21	UCfqDvjXc2jbAzaeqlIggkkg	Monsta	4460000	655	1747.0	2.0869999999999997
Gaming	2012-03-30	UChFur_NwVSbUozOcF_F2kMg	Mumbo Jumbo	4680000	1938	1748.0	2.0869999999999997
Music	2011-08-10	UCLtCejNl8eAg4PO_9lf2TIg	Anand Audio	4436335	3759	1750.0	2.0869999999999997
Entertainment	2014-02-09	UCtg5C-d_3rPUgMaxr285mQQ	Top Trending	4870000	773	1753.0	2.0869999999999997
Entertainment	2015-11-25	UCP1iRaFlS5EYjJBryFV9JPw	Looper	4820000	2533	1758.0	2.0869999999999997
Entertainment	2009-07-26	UCF5UrKfIq5ap9skGOgm4W7w	Alfie Deyes	5094952	270	1759.0	2.0869999999999997
Music	2007-02-06	UCEuOwB9vSL1oPKGNdONB4ig	Red Hot Chili Pepper...	4734517	139	1760.0	2.0869999999999997
Gaming	2011-12-15	UChd1FPXykD4pust3ljzq6hQ	Thinknoodles	4660000	4008	1763.0	2.0869999999999997
Comedy	2006-06-27	UCPcFg7aBbaVzXoIKSNqwaww	jacksfilms	4660000	1143	1764.0	2.0869999999999997
Entertainment	2013-05-16	UCwrfRCqA9wvqp9zCvzLl6Sw	DM FILMS - Scary Clo...	5026168	32	1765.0	2.0869999999999997
Music	2011-01-22	UCQEloCMWEZFep85nHfbbg8Q	Chetak	4653632	8066	1766.0	2.0869999999999997
Entertainment	2009-04-17	UCqNe2Mqtv5sNidn5hAAEfiQ	HigaTV	5040000	447	1767.0	2.0869999999999997
Entertainment	2010-01-25	UC8xib1EjaAbsstncxXSUNZg	Official World of Da...	4780000	6550	1768.0	2.0869999999999997
News & Politics	2013-11-20	UCZaT_X_mc0BI-djXOlfhqWQ	VICE News	4630000	4219	1770.0	2.0869999999999997
Film and Animation	2014-01-06	UCtlth0w7_mYqpHPViMhQ99Q	Oddbods - Official C...	4230000	521	1773.0	2.0869999999999997
Gaming	2014-09-22	UCS7b93ZwoL1xt2hR7a7l2mg	InquisitorMaster	4750000	878	1774.0	2.0869999999999997
Entertainment	2007-11-06	UCI4I6ldZ0jWe7vXpUVeVcpg	Household Hacker	4980000	497	1776.0	2.0869999999999997
Music	2014-06-11	UCpZVXyR7lix525VPi3Vc5mg	Studio Saraswati Off...	4554789	1827	1777.0	2.0869999999999997
Entertainment	2008-10-01	UCJZ7f6NQzGKZnFXzFW9y9UQ	SHAYTARDS	5025623	2715	1780.0	2.0869999999999997
Music	2010-06-30	UCFNosi99Sp0_eLilBiXmmXA	FutureVEVO	4620000	193	1781.0	2.0869999999999997
Gaming	2014-01-13	UCHtehvb3p55uRCQBDCwF-ow	Erpan1140	4560000	926	1784.0	2.0869999999999997
Howto & Style	2008-04-15	UCJi_befq0YDYJ9fCeyHxJbg	MayBaby	5065385	183	1789.0	2.0869999999999997
Entertainment	2010-09-22	UCD2vBGB4mK7h3vaBchwvtvw	Mia Sayoko	4600000	282	1790.0	2.0869999999999997
Entertainment	2017-11-28	UCkAUThuNDCUG1RMRiCZTm5g	Learn and Play	4594158	38	1791.0	2.0869999999999997
Music	2006-08-30	UCGZXYc32ri4D0gSLPf2pZXQ	Armada Music	4540000	11790	1792.0	2.0869999999999997
Howto & Style	2009-02-02	UC97k3hlbE-1rVN8y56zyEEA	Bodybuilding.com	4540000	2398	1793.0	2.0869999999999997
People & Blogs	2012-12-31	UCyCyTe_1bT2aIPwG_gxbyeg	Daily Bumps	4880000	2205	1794.0	2.0869999999999997
People & Blogs	2017-01-06	UCC8Di_yHmWS2CwkhejC62LQ	Kluna Tik 2	4540000	120	1795.0	2.0869999999999997
Gaming	2014-02-22	UCEaReYkPVfExkfXptk0bSPw	Crainer	4570909	2281	1796.0	2.0869999999999997
Howto & Style	2012-03-27	UCHu2KNu6TtJ0p4hpSW7Yv7Q	Jazza	4590000	1006	1797.0	2.0869999999999997
Science & Technology	2008-06-03	UCLA_DiR1FfKNvjuUpBHmylQ	NASA	4600000	4686	1798.0	2.0869999999999997
Comedy	2005-11-11	UCt54Hzhj7RpCWOYpoFJLKAQ	steveo	4600000	67	1799.0	2.0869999999999997
Entertainment	2010-05-30	UCQjh-JVPNWfY-KsZS3RgRHw	Clevver News	4550000	19142	1800.0	2.0869999999999997
Music	2011-10-17	UCyjuFsbclXyntSRMBAILzbw	2CELLOS	4554029	201	1801.0	2.0869999999999997
Gaming	2012-08-13	UCzYfz8uibvnB7Yc1LjePi4g	Aphmau	4840000	2991	1807.0	2.0869999999999997
People & Blogs	2007-01-04	UCF2oW5-MO8dB6ul9WH9xi0A	blndsundoll4mj	4900000	2420	1808.0	2.0869999999999997
Education	2016-08-19	UC0QHWhjbe5fGJEPz3sVb6nw	Doctor Mike	4210000	179	1809.0	2.0869999999999997
People & Blogs	2016-08-14	UCVdJk6K4LpkXaUvfjd4k4LQ	Your Ayurveda Tips	4590000	350	1811.0	2.0869999999999997
Entertainment	2006-08-27	UC9MAhZQQd9egwWCxrwSIsJQ	HISTORY	4010000	5729	1813.0	2.0869999999999997
People & Blogs	2017-03-21	UCJjheeAVwFB0S5HlWbBwIfQ	Tube Unique Wilderne...	4225508	74	1816.0	2.0869999999999997
Music	2011-01-25	UCG6QEHCBfWZOnv7UVxappyw	DubstepGutter	4684580	922	1817.0	2.0869999999999997
Music	2009-05-12	UCEOhcOACopL42xyOBIv1ekg	LilWayneVEVO	4938131	39	1825.0	2.0869999999999997
Entertainment	2007-04-12	UCGydrkfIhUDNCotYQI8TJhA	Cartoon Network UK	4310000	3293	1828.0	2.0869999999999997
Science & Technology	2011-06-20	UCUHW94eEFW7hkUMVaZz4eDg	minutephysics	4790000	241	1838.0	2.0869999999999997
Gaming	2011-01-02	UCWVuy4NPohItH9-Gr7e8wqw	TheRelaxingEnd	4200712	3629	1839.0	2.0869999999999997
People & Blogs	2017-03-11	UCUA8F-8W2qHvmRj5Xd-F8CQ	Heroine Movies 2019	3930000	118	1844.0	2.0869999999999997
Music	2013-06-30	UCi0LydWaEUy3Vx8flL29ebQ	SyrebralVibes	4190000	315	1845.0	2.0869999999999997
Comedy	2011-06-05	UCkS7Vxu4PjM99w0Is6idjcg	Zakir Khan	4430000	54	1847.0	2.0869999999999997
Travel & Events	2010-03-09	UCBdHwFIE4AJWSa3Wxdu7bAQ	fliptopbattles	4050000	988	1850.0	2.0869999999999997
Travel & Events	2013-01-20	UCHKVXtT1YBCYUnnr4apqXfg	Travel Thirsty	4260000	472	1853.0	2.0869999999999997
Music	2015-09-08	UCu7TZ_ATWgjgD9IrNLdnYDA	Little Big	4330000	53	1855.0	2.0869999999999997
Entertainment	2015-02-13	UCOquMs0QXyjbw2YMigivRAw	So Effin Cray	4613659	95	1858.0	2.0869999999999997
Music	2011-12-01	UCzqm-ien6aEj8CSfafHCBzw	Chanda	4360000	8018	1859.0	2.0869999999999997
Gaming	2016-07-08	UCCp4IWg4A_JLexo30Jlf-UQ	Sub	4630000	1482	1860.0	2.0869999999999997
Howto & Style	2009-07-29	UCmoX4QULJ9MB00xW4coMiOw	Sanjeev Kapoor Khaza...	4473581	9392	1861.0	2.0869999999999997
Entertainment	2014-02-18	UCmmG1PC3Mtyx1KHJfJVGIpQ	SKabeche	4470000	102	1862.0	2.0869999999999997
Entertainment	2014-07-04	UCej8z9NGaA9Hdd8k5hueXKw	Mega Kids Tv	4881967	36	1863.0	2.0869999999999997
Entertainment	2016-02-15	UCbWPYsyJX1-7uvfOw3LkLqw	ToyMart TV	4880000	591	1866.0	2.0869999999999997
People & Blogs	2012-09-04	UCrUbqTCagwsaP2Fmr0p1TsA	Zoe Sugg	4850000	525	1867.0	2.0869999999999997
Howto & Style	2009-12-01	UCH9ciCUcWavMsFcAJtLUSyw	SixPackAbs.com	4870000	587	1868.0	2.0869999999999997
Music	2016-09-24	UCBzRNetz7eOSqcAdNXhPZPA	Pehchan Music	4580000	226	1869.0	2.0869999999999997
Entertainment	2015-12-09	UCdKicyl_ve5oyjasiO6njgQ	ToysPlay	3306326	160	1870.0	2.0869999999999997
Music	2005-10-27	UC2qWxZHgnlwDvcmLqP23jrA	Fall Out Boy	4720000	52	1873.0	2.0869999999999997
Entertainment	2015-09-27	UCGTl_sQxago30b5vfoMomCg	Watch Me	4060000	290	1874.0	2.0869999999999997
Film and Animation	2014-11-04	UCHLS6_uV7MerYSiejoP3IDQ	VBGAMING11	3500000	7015	1874.0	2.0869999999999997
Entertainment	2008-03-02	UCMR4Rk-v2jDm1gf_xTgRMfg	SuperLuigiLogan	4450000	295	1875.0	2.0869999999999997
People & Blogs	2012-07-28	UC-fouMSM9Zot3x8Hw2_Y5yw	Adam Saleh Vlogs	4760000	2050	1877.0	2.0869999999999997
Entertainment	2014-08-03	UCnM02drQP-dF7WMgtJHR4Xw	Mr. Nightmare	4640000	159	1878.0	2.0869999999999997
Entertainment	2005-11-24	UCBdw4dLCLLHmTgAOnW4V0hQ	The Rock	4470000	193	1879.0	2.0869999999999997
Entertainment	2006-06-26	UCVCdOaiHD05nGQm9tf1SEzw	will i am	4425859	51	1880.0	2.0869999999999997
Film and Animation	2007-12-07	UCQphRgAhj5UxktrQNP3WF5g	Disney UK	4340000	1298	1887.0	2.0869999999999997
Entertainment	2010-07-06	UCQ-YJstgVdAiCT52TiBWDbg	ChrisMD	4610012	441	1888.0	2.0869999999999997
Music	2006-12-18	UCPT5Q93YbgJ_7du1gV7UHQQ	Hardwell	4729798	855	1890.0	2.0869999999999997
Entertainment	2016-05-22	UCN64HIrZNqFQYZ2BuyY-4zg	Chills	4420000	201	1892.0	2.0869999999999997
Sports	2013-02-05	UCqjwF8rxRsotnojGl4gM0Zw	OFFICIALTHENX	4280000	212	1893.0	2.0869999999999997
Gaming	2013-11-03	UCvQczq3aHiHRBGEx-BKdrcg	Myth	4420000	549	1894.0	2.0869999999999997
Howto & Style	2008-04-29	UCbpMy0Fg74eXXkvxJrtEn3w	Bon Appétit	4420000	981	1895.0	2.0869999999999997
Education	2005-12-05	UC9CsZoTaHZqZjnNZv7v3T1g	Tayo the Little Bus	4390000	1628	1896.0	2.0869999999999997
Music	2006-12-05	UCJeH7gl6PbDVV4DTldIOPOA	Evanescence	4572918	64	1897.0	2.0869999999999997
Music	2009-05-12	UCJN4c_lZorb_0eyIP_tSS3A	GunsNRosesVEVO	4810000	39	1898.0	2.0869999999999997
Entertainment	2013-07-27	UC4OecQOzxkmaXZQfAPcifkA	Earth	4650000	54	1900.0	2.0869999999999997
Science & Technology	2010-03-08	UCiDJtJKMICpb9B1qf7qjEOA	Adam Savage’s Test...	4530000	3915	1904.0	2.0869999999999997
Comedy	2011-10-19	UCXgfQbfVvYA9G9-Jb9cBSYg	MysticGotJokes	4410000	606	1906.0	2.0869999999999997
Gaming	2006-03-20	UCnzbVkknmqhRqUKg7RDTDeg	Chris Smoove	4700000	6184	1907.0	2.0869999999999997
Music	2014-03-27	UCaMbHL_q0huzBW__7ud6mQw	NDJ MUSIC	4460000	7167	1909.0	2.0869999999999997
Howto & Style	2014-07-17	UCbO9bltbkYwa56nZFQx6XJg	Manny Mua	4800000	426	1910.0	2.0869999999999997
News & Politics	2014-07-30	UCH7nv1A9xIrAifZJNvt7cgA	ABP Majha	3926962	101346	1911.0	2.0869999999999997
Comedy	2018-07-20	UC4-eGDvOe41__-RiE0E9L6A	FV FAMILY	4054451	500	1912.0	2.0869999999999997
Entertainment	2015-02-18	UCwdo8-3UrfZ9scHPl0m4Ysg	What Would You Do?	4308575	284	1915.0	2.0869999999999997
Entertainment	2010-01-30	UCJjSDX-jUChzOEyok9XYRJQ	Jubilee	3780000	443	1917.0	2.0869999999999997
Music	2007-10-29	UCBRFlde39a2U4nAkmGqJwAQ	Flo Rida	4610000	128	1920.0	2.0869999999999997
Howto & Style	2012-06-06	UCz3I_sh4IqR4rPG-NURhTYg	Pooja Luthra	4390229	4077	1921.0	2.0869999999999997
Science & Technology	2013-04-01	UC06E4Y_-ybJgBUMtXx8uNNw	TheBackyardScientist...	4390000	149	1923.0	2.0869999999999997
